<?xml version="1.0" encoding="UTF-8"?>
<WM6 xmlns="http://wm6.swisslog.com/schema/telegram" xmlns:xsi="http://www.w3.org/2001/XMLSchema-instance"
    xsi:schemaLocation="http://wm6.swisslog.com/schema/telegram http://wm6.swisslog.com/schema/telegram-1.1.xsd">

    <telegramset name="SIS-Monorail-4_5">
        <property key="PrefixLength" value="3" />
        <telegramtype name="ARQ" description="AM,AV -> AC" classname="com.swisslog.wm6.monorail.sis45.api.telegrams.Mono45ARQ">
            <telegramfield name="TelegramType" len="3" />
            <telegramfield name="StartingPosition" len="12" />
            <telegramfield name="AssignmentId" len="8" />
            <telegramfield name="TuType" len="2" />
            <telegramfield name="DestinationPosition" len="12" />
            <telegramfield name="IoData" len="3" />
            <telegramfield name="TuIdPresent" len="1" />
            <telegramfield name="TuId" len="18" />
        </telegramtype>
        <telegramtype name="ACP" description="AC -> AM" classname="com.swisslog.wm6.monorail.sis45.api.telegrams.Mono45ACP">
            <telegramfield name="TelegramType" len="3" />
            <telegramfield name="DestinationPosition" len="12" />
            <telegramfield name="AssignmentId" len="8" />
            <telegramfield name="ReturnCode" len="3" />
        </telegramtype>
        <telegramtype name="AMQ" description="AM,AV -> AC" classname="com.swisslog.wm6.monorail.sis45.api.telegrams.Mono45AMQ">
            <telegramfield name="TelegramType" len="3" />
            <telegramfield name="StartingPosition" len="12" />
            <telegramfield name="AssignmentId" len="8" />
            <telegramfield name="Weight" len="8" />
            <telegramfield name="WeightTolerance" len="8" />
            <telegramfield name="DestinationPosition" len="12" />
            <telegramfield name="IoData" len="3" />
        </telegramtype>
        <telegramtype name="DER" description="AM,AV -> AC" classname="com.swisslog.wm6.monorail.sis45.api.telegrams.Mono45DER">
            <telegramfield name="TelegramType" len="3" />
            <telegramfield name="Position" len="12" />
            <telegramfield name="AssignmentId" len="8" />
        </telegramtype>
        <telegramtype name="DEC" description="AC -> AM,AV" classname="com.swisslog.wm6.monorail.sis45.api.telegrams.Mono45DEC">
            <telegramfield name="TelegramType" len="3" />
            <telegramfield name="Position" len="12" />
            <telegramfield name="AssignmentId" len="8" />
            <telegramfield name="ReturnCode" len="3" />
        </telegramtype>
        <telegramtype name="ADR" description="AM,AV -> AC" classname="com.swisslog.wm6.monorail.sis45.api.telegrams.Mono45ADR">
            <telegramfield name="TelegramType" len="3" />
            <telegramfield name="CurrentPosition" len="12" />
            <telegramfield name="AssignmentId" len="8" />
            <telegramfield name="TuType" len="2" />
            <telegramfield name="DestinationPosition" len="12" />
            <telegramfield name="IoData" len="3" />
            <telegramfield name="TuIdPresent" len="1" />
            <telegramfield name="TuId" len="18" />
        </telegramtype>
        <telegramtype name="ADC" description="AC -> AM,AV" classname="com.swisslog.wm6.monorail.sis45.api.telegrams.Mono45ADC">
            <telegramfield name="TelegramType" len="3" />
            <telegramfield name="Position" len="12" />
            <telegramfield name="AssignmentId" len="8" />
            <telegramfield name="ReturnCode" len="3" />
        </telegramtype>
        <telegramtype name="SET" description="AM,AV -> AC" classname="com.swisslog.wm6.monorail.sis45.api.telegrams.Mono45SET">
            <telegramfield name="TelegramType" len="3" />
            <telegramfield name="PlcIdentification" len="2" />
            <telegramfield name="MonorailMode" len="2" />
        </telegramtype>
        <telegramtype name="STA" description="AM,AV -> AC" classname="com.swisslog.wm6.monorail.sis45.api.telegrams.Mono45STA">
            <telegramfield name="TelegramType" len="3" />
            <telegramfield name="MonorailGroup" len="12" />
        </telegramtype>
        <telegramtype name="STO" description="AM,AV -> AC" classname="com.swisslog.wm6.monorail.sis45.api.telegrams.Mono45STO">
            <telegramfield name="TelegramType" len="3" />
            <telegramfield name="MonorailGroup" len="12" />
        </telegramtype>
        <telegramtype name="BCQ" description="AM,AV -> AC" classname="com.swisslog.wm6.monorail.sis45.api.telegrams.Mono45BCQ">
            <telegramfield name="TelegramType" len="3" />
            <telegramfield name="Position" len="12" />
            <telegramfield name="Code" len="1" />
            <telegramfield name="Points" len="2" />
        </telegramtype>
        <telegramtype name="BCR" description="AC -> AM,AV" classname="com.swisslog.wm6.monorail.sis45.api.telegrams.Mono45BCR">
            <telegramfield name="TelegramType" len="3" />
            <telegramfield name="BlockPosition" len="12" presentation="SIS" />
            <telegramfield name="InformationType" len="2" />
            <telegramfield name="FromBlockNo" len="12" presentation="SIS" />
            <telegramfield name="NextBlockNo" len="12" presentation="SIS" />
            <telegramfield name="Points" len="2" />
            <telegramfield name="Part" len="3" />
            <telegramfield name="LastPart" len="3" />
            <telegramfield name="Ready" len="1" presentation="0=NotInitialised;1=InitialisationDone" />
            <telegramfield name="Error" len="1" presentation="0=NoError;1=ErrorState" />
            <telegramfield name="Enabled" len="1" presentation="0=no;1=yes" />
            <telegramfield name="EnableStop" len="1" presentation="0=no;1=yes" />
            <telegramfield name="SoftStopped" len="1" presentation="0=no;1=yes" />
            <telegramfield name="FastStopped" len="1" presentation="0=no;1=yes" />
            <telegramfield name="DriveEnable" len="1" presentation="0=no;1=yes" />
            <telegramfield name="DriveInEnable" len="1" presentation="0=no;1=yes" />
            <telegramfield name="DriveOutEnable" len="1" presentation="0=no;1=yes" />
            <telegramfield name="ReturnCode" len="3" />
        </telegramtype>
        <telegramtype name="PCQ" description="AM,AV -> AC" classname="com.swisslog.wm6.monorail.sis45.api.telegrams.Mono45PCQ">
            <telegramfield name="TelegramType" len="3" />
            <telegramfield name="Position" len="12" />
            <telegramfield name="Code" len="1" />
            <telegramfield name="Points" len="2" />
        </telegramtype>
        <telegramtype name="PCR" description="AC -> AM,AV" classname="com.swisslog.wm6.monorail.sis45.api.telegrams.Mono45PCR">
            <telegramfield name="TelegramType" len="3" />
            <telegramfield name="ConveyorPosition" len="12" presentation="SIS" />
            <telegramfield name="InformationType" len="2" />
            <telegramfield name="FromPlaceNo" len="12" presentation="SIS" />
            <telegramfield name="NextPlaceNo" len="12" presentation="SIS" />
            <telegramfield name="Points" len="2" />
            <telegramfield name="Part" len="3" />
            <telegramfield name="LastPart" len="3" />
            <telegramfield name="Ready" len="1" presentation="0=NotInitialised;1=InitialisationDone" />
            <telegramfield name="Error" len="1" presentation="0=NoError;1=ErrorState" />
            <telegramfield name="Enabled" len="1" presentation="0=no;1=yes" />
            <telegramfield name="EnableStop" len="1" presentation="0=no;1=yes" />
            <telegramfield name="SoftStopped" len="1" presentation="0=no;1=yes" />
            <telegramfield name="FastStopped" len="1" presentation="0=no;1=yes" />
            <telegramfield name="TakeReady" len="1" presentation="0=no;1=yes" />
            <telegramfield name="GiveReady" len="1" presentation="0=no;1=yes" />
            <telegramfield name="ReturnCode" len="3" />
        </telegramtype>
        <telegramtype name="TCQ" description="AM,AV -> AC" classname="com.swisslog.wm6.monorail.sis45.api.telegrams.Mono45TCQ">
            <telegramfield name="TelegramType" len="3" />
            <telegramfield name="Position" len="12" />
            <telegramfield name="Code" len="1" />
            <telegramfield name="Points" len="2" />
        </telegramtype>
        <telegramtype name="TCR" description="AC -> AM,AV" classname="com.swisslog.wm6.monorail.sis45.api.telegrams.Mono45TCR">
            <telegramfield name="TelegramType" len="3" />
            <telegramfield name="Trolley" len="12" presentation="SIS" />
            <telegramfield name="InformationType" len="2" />
            <telegramfield name="BlockPosition" len="12" presentation="SIS" />
            <telegramfield name="NextBlockNo" len="12" presentation="SIS" />
            <telegramfield name="TrolleyDestination" len="12" presentation="SIS" />
            <telegramfield name="Points" len="2" />
            <telegramfield name="Part" len="3" />
            <telegramfield name="LastPart" len="3" />
            <telegramfield name="Ready" len="1" presentation="0=NotInitialised;1=InitialisationDone" />
            <telegramfield name="Error" len="1" presentation="0=NoError;1=ErrorState" />
            <telegramfield name="Enabled" len="1" presentation="0=no;1=yes" />
            <telegramfield name="EnableStop" len="1" presentation="0=no;1=yes" />
            <telegramfield name="SoftStopped" len="1" presentation="0=no;1=yes" />
            <telegramfield name="FastStopped" len="1" presentation="0=no;1=yes" />
            <telegramfield name="ReturnCode" len="3" />
        </telegramtype>
        <telegramtype name="PLQ" description="AM,AV -> AC" classname="com.swisslog.wm6.monorail.sis45.api.telegrams.Mono45PLQ">
            <telegramfield name="TelegramType" len="3" />
            <telegramfield name="PlcIdentification" len="2" />
        </telegramtype>
        <telegramtype name="PLR" description="AC -> AM,AV" classname="com.swisslog.wm6.monorail.sis45.api.telegrams.Mono45PLR">
            <telegramfield name="TelegramType" len="3" />
            <telegramfield name="PlcIdentification" len="2" />
            <telegramfield name="MonorailMode" len="2" />
            <telegramfield name="ReturnCode" len="3" />
        </telegramtype>
        <telegramtype name="GRQ" description="AM,AV -> AC" classname="com.swisslog.wm6.monorail.sis45.api.telegrams.Mono45GRQ">
            <telegramfield name="TelegramType" len="3" />
            <telegramfield name="MonorailGroup" len="12" />
        </telegramtype>
        <telegramtype name="GSR" description="AC -> AM,AV" classname="com.swisslog.wm6.monorail.sis45.api.telegrams.Mono45GSR">
            <telegramfield name="TelegramType" len="3" />
            <telegramfield name="MonorailGroup" len="12" />
            <telegramfield name="Mode" len="1" />
            <telegramfield name="ReturnCode" len="3" />
        </telegramtype>
        <telegramtype name="IPR" description="AC -> AM,AV" classname="com.swisslog.wm6.monorail.sis45.api.telegrams.Mono45IPR">
            <telegramfield name="TelegramType" len="3" />
            <telegramfield name="ConveyorPosition" len="12" />
            <telegramfield name="AssignmentId" len="8" />
            <telegramfield name="TuType" len="2" />
            <telegramfield name="Height" len="1" />
            <telegramfield name="WidthRight" len="1" />
            <telegramfield name="WidthLeft" len="1" />
            <telegramfield name="LengthFront" len="1" />
            <telegramfield name="LengthBack" len="1" />
            <telegramfield name="Weight" len="7" />
            <telegramfield name="Tunnel" len="1" />
            <telegramfield name="Runner" len="1" />
            <telegramfield name="TuIdPresent" len="1" />
            <telegramfield name="TuId" len="18" />
            <telegramfield name="ScannerError" len="3" />
            <telegramfield name="LabelLength" len="3" />
            <telegramfield name="Label" len="50" />
        </telegramtype>
        <telegramtype name="POR" description="AC -> AM,AV" classname="com.swisslog.wm6.monorail.sis45.api.telegrams.Mono45POR">
            <telegramfield name="TelegramType" len="3" />
            <telegramfield name="ConveyorPosition" len="12" />
            <telegramfield name="AssignmentId" len="8" />
            <telegramfield name="TuType" len="2" />
            <telegramfield name="LoadInformation" len="1" />
            <telegramfield name="Destination" len="12" />
            <telegramfield name="ReturnCode" len="3" />
            <telegramfield name="TuIdPresent" len="1" />
            <telegramfield name="TuId" len="18" />
        </telegramtype>
        <telegramtype name="TOR" description="AC -> AM,AV" classname="com.swisslog.wm6.monorail.sis45.api.telegrams.Mono45TOR">
            <telegramfield name="TelegramType" len="3" />
            <telegramfield name="Trolley" len="12" />
            <telegramfield name="BlockPosition" len="12" />
            <telegramfield name="Weight" len="8" />
			<telegramfield name="Code" len="1" />
            <telegramfield name="ReturnCode" len="3" />
        </telegramtype>
        <telegramtype name="BRQ" description="AM,AV -> AC" classname="com.swisslog.wm6.monorail.sis45.api.telegrams.Mono45BRQ">
            <telegramfield name="TelegramType" len="3" />
            <telegramfield name="MonorailBlock" len="12" />
        </telegramtype>
        <telegramtype name="BSR" description="AC -> AM,AV" classname="com.swisslog.wm6.monorail.sis45.api.telegrams.Mono45BSR">
            <telegramfield name="TelegramType" len="3" />
            <telegramfield name="MonorailBlock" len="12" presentation="SIS" />
            <telegramfield name="TrolleysInBlock" len="2" />
            <telegramfield name="ReturnCode" len="3" presentation="3" />
        </telegramtype>
        <telegramtype name="PRQ" description="AM,AV -> AC" classname="com.swisslog.wm6.monorail.sis45.api.telegrams.Mono45PRQ">
            <telegramfield name="TelegramType" len="3" />
            <telegramfield name="MonorailPosition" len="12" />
        </telegramtype>
        <telegramtype name="PSR" description="AC -> AM,AV" classname="com.swisslog.wm6.monorail.sis45.api.telegrams.Mono45PSR">
            <telegramfield name="TelegramType" len="3" />
            <telegramfield name="MonorailPosition" len="12" presentation="SIS" />
            <telegramfield name="AssignmentId" len="8" />
            <telegramfield name="TuType" len="2" />
            <telegramfield name="LoadInformation" len="1" />
            <telegramfield name="Destination" len="12" presentation="SIS" />
            <telegramfield name="ReturnCode" len="3" />
            <telegramfield name="TuIdPresent" len="1" presentation="NONE" />
            <telegramfield name="TuId" len="18" />
        </telegramtype>
        <telegramtype name="TRQ" description="AM,AV -> AC" classname="com.swisslog.wm6.monorail.sis45.api.telegrams.Mono45TRQ">
            <telegramfield name="TelegramType" len="3" />
            <telegramfield name="MonorailPosition" len="12" />
        </telegramtype>
        <telegramtype name="TSR" description="AC -> AM,AV" classname="com.swisslog.wm6.monorail.sis45.api.telegrams.Mono45TSR">
            <telegramfield name="TelegramType" len="3" />
            <telegramfield name="Trolley" len="12" presentation="SIS" />
            <telegramfield name="LoadInformation" len="1" />
            <telegramfield name="Destination" len="12" presentation="SIS" />
            <telegramfield name="ReturnCode" len="3" />
        </telegramtype>
        <telegramtype name="TTQ" description="AM,AV -> AC" classname="com.swisslog.wm6.monorail.sis45.api.telegrams.Mono45TTQ">
            <telegramfield name="TelegramType" len="3" />
            <telegramfield name="Trolley" len="12" />
            <telegramfield name="DestinationBlockPosition" len="12" />
        </telegramtype>
        <telegramtype name="TTR" description="AC -> AM,AV" classname="com.swisslog.wm6.monorail.sis45.api.telegrams.Mono45TTR">
            <telegramfield name="TelegramType" len="3" />
            <telegramfield name="Trolley" len="12" />
            <telegramfield name="DestinationBlockPosition" len="12" />
            <telegramfield name="ReturnCode" len="3" />
        </telegramtype>
        <telegramtype name="TVQ" description="AV -> AC" classname="com.swisslog.wm6.monorail.sis45.api.telegrams.Mono45TVQ">
            <telegramfield name="TelegramType" len="3" />
        </telegramtype>
        <telegramtype name="TVR" description="AC -> AV" classname="com.swisslog.wm6.monorail.sis45.api.telegrams.Mono45TVR">
            <telegramfield name="TelegramType" len="3" />
            <telegramfield name="NumberOfTrolleyInfos" len="2" />
            <telegramfield name="FirstTrolleyNumber" len="4" />
            <telegramfield name="LastTVRInSequence" len="1" />
            <telegramarray name="Trolleys" arraysize="NumberOfTrolleyInfos"
                classname="com.swisslog.wm6.monorail.sis45.api.telegrams.Mono45TVRArrayDataStructure">
                <telegramfield name="TrolleyMode" len="1" />
                <telegramfield name="ButtonPreset" len="1" />
                <telegramfield name="TrolleyJob" len="1" />
                <telegramfield name="TrolleyLoad" len="1" />
                <telegramfield name="TrolleyBlock" len="7" />
                <telegramfield name="LocationInBlock" len="2" />
            </telegramarray>
        </telegramtype>
        <telegramtype name="SDI" description="AC -> AV" classname="com.swisslog.wm6.monorail.sis45.api.telegrams.Mono45SDI">
            <telegramfield name="TelegramType" len="3" />
            <telegramfield name="SignalNumber" len="4" />
            <telegramfield name="SignalState" len="1" />
            <telegramfield name="ReturnCode" len="3" />
        </telegramtype>
        <telegramtype name="SDO" description="AV -> AC" classname="com.swisslog.wm6.monorail.sis45.api.telegrams.Mono45SDO">
            <telegramfield name="TelegramType" len="3" />
            <telegramfield name="SignalNumber" len="4" />
            <telegramfield name="SignalState" len="1" />
        </telegramtype>
        <telegramtype name="IRQ" description="AV -> AC" classname="com.swisslog.wm6.monorail.sis45.api.telegrams.Mono45IRQ">
            <telegramfield name="TelegramType" len="3" />
            <telegramfield name="SignalType" len="1" />
            <telegramfield name="StartingSignalNumber" len="4" />
            <telegramfield name="DataLength" len="2" />
        </telegramtype>
        <telegramtype name="ISR" description="AC -> AV" classname="com.swisslog.wm6.monorail.sis45.api.telegrams.Mono45ISR">
            <telegramfield name="TelegramType" len="3" />
            <telegramfield name="SignalType" len="1" />
            <telegramfield name="StartingSignalNumber" len="4" />
            <telegramfield name="DataLength" len="2" />
            <telegramfield name="Information" len="99" />
        </telegramtype>
        <telegramtype name="MSG" description="ANY -> ANY" classname="com.swisslog.wm6.monorail.sis45.api.telegrams.Mono45MSG">
            <telegramfield name="TelegramType" len="3" />
            <telegramfield name="SubType" len="3" classname="java.lang.String" />
            <telegramfield name="Information" len="0" classname="java.lang.String"/>
        </telegramtype>
        <telegramtype name="CON" description="JcomComponent -> AV connectionStatus" classname="com.swisslog.wm6.subsystem.api.telegrams.SubsystemCON">
            <telegramfield name="TelegramType" start="0" len="3" />
            <telegramfield name="Connected" start="3" len="1" />
        </telegramtype>
    </telegramset>
</WM6>