<?xml version="1.0" encoding="UTF-8"?>
<WM6 xmlns="http://wm6.swisslog.com/schema/telegram" xmlns:xsi="http://www.w3.org/2001/XMLSchema-instance"
    xsi:schemaLocation="http://wm6.swisslog.com/schema/telegram http://wm6.swisslog.com/schema/telegram-1.1.xsd">

    <telegramset name="SIS-Conveyor-4.1">
        <property key="PrefixLength" value="3" />
        <telegramtype name="ARQ" description="AM,AV -> AC" classname="com.swisslog.wm6.conveyor.sis41.api.telegrams.Conv41ARQ">
            <telegramfield name="TelegramType" start="0" len="3" />
            <telegramfield name="StartingPosition" start="3" len="12" />
            <telegramfield name="AssignmentId" start="15" len="8" />
            <telegramfield name="TuType" start="23" len="2" />
            <telegramfield name="DestinationPosition" start="25" len="12" />
            <telegramfield name="IoData" start="37" len="3" />
            <telegramfield name="TuIdPresent" start="40" len="1" />
            <telegramfield name="TuId" start="41" len="18" />
        </telegramtype>
        <telegramtype name="ACP" description="AC -> AM" classname="com.swisslog.wm6.conveyor.sis41.api.telegrams.Conv41ACP">
            <telegramfield name="TelegramType" start="0" len="3" />
            <telegramfield name="ConveyorPosition" start="3" len="12" />
            <telegramfield name="AssignmentId" start="15" len="8" />
            <telegramfield name="ReturnCode" start="23" len="3" />
        </telegramtype>
        <telegramtype name="ADC" description="AC -> AM,AV" classname="com.swisslog.wm6.conveyor.sis41.api.telegrams.Conv41ADC">
            <telegramfield name="TelegramType" start="0" len="3" />
            <telegramfield name="ConveyorPosition" start="3" len="12" />
            <telegramfield name="AssignmentId" start="15" len="8" />
            <telegramfield name="ReturnCode" start="23" len="3" />
        </telegramtype>
        <telegramtype name="ADR" description="AM,AV -> AC" classname="com.swisslog.wm6.conveyor.sis41.api.telegrams.Conv41ADR">
            <telegramfield name="TelegramType" start="0" len="3" />
            <telegramfield name="ConveyorPosition" start="3" len="12" />
            <telegramfield name="AssignmentId" start="15" len="8" />
            <telegramfield name="TuType" start="23" len="2" />
            <telegramfield name="DestinationPosition" start="25" len="12" />
            <telegramfield name="IoData" start="37" len="3" />
            <telegramfield name="TuIdPresent" start="40" len="1" />
            <telegramfield name="TuId" start="41" len="18" />
        </telegramtype>
        <telegramtype name="DEC" description="AC -> AM,AV" classname="com.swisslog.wm6.conveyor.sis41.api.telegrams.Conv41DEC">
            <telegramfield name="TelegramType" start="0" len="3" />
            <telegramfield name="ConveyorPosition" start="3" len="12" />
            <telegramfield name="AssignmentId" start="15" len="8" />
            <telegramfield name="ReturnCode" start="23" len="3" />
        </telegramtype>
        <telegramtype name="DER" description="AM,AV -> AC" classname="com.swisslog.wm6.conveyor.sis41.api.telegrams.Conv41DER">
            <telegramfield name="TelegramType" start="0" len="3" />
            <telegramfield name="ConveyorPosition" start="3" len="12" />
            <telegramfield name="AssignmentId" start="15" len="8" />
        </telegramtype>
        <telegramtype name="IPR" description="AC -> AM" classname="com.swisslog.wm6.conveyor.sis41.api.telegrams.Conv41IPR">
            <telegramfield name="TelegramType" start="0" len="3" />
            <telegramfield name="ConveyorPosition" start="3" len="12" />
            <telegramfield name="Assignment" start="15" len="8" />
            <telegramfield name="TuType" start="23" len="2" />
            <telegramfield name="Height" start="25" len="1" />
            <telegramfield name="WidthRight" start="26" len="1" />
            <telegramfield name="WidthLeft" start="27" len="1" />
            <telegramfield name="LengthFront" start="28" len="1" />
            <telegramfield name="LengthBack" start="29" len="1" />
            <telegramfield name="Weight" start="30" len="7" />
            <telegramfield name="Tunnel" start="37" len="1" />
            <telegramfield name="Runner" start="38" len="1" />
            <telegramfield name="TuIdPresent" start="39" len="1" />
            <telegramfield name="TuId" start="40" len="18" />
            <telegramfield name="ScannerError" start="58" len="3" />
            <telegramfield name="LabelLength" start="61" len="3" />
            <telegramfield name="Label" start="64" len="0" />
        </telegramtype>
        <telegramtype name="GRQ" description="AM,AV -> AC" classname="com.swisslog.wm6.conveyor.sis41.api.telegrams.Conv41GRQ">
            <telegramfield name="TelegramType" start="0" len="3" />
            <telegramfield name="ConveyorGroup" start="3" len="12" />
        </telegramtype>
        <telegramtype name="GSR" description="AC -> AM,AV" classname="com.swisslog.wm6.conveyor.sis41.api.telegrams.Conv41GSR">
            <telegramfield name="TelegramType" start="0" len="3" />
            <telegramfield name="ConveyorGroup" start="3" len="12" presentation="SIS" />
            <telegramfield name="Mode" start="15" len="1" presentation="1=Started;2=Stopped;3=Manual" />
            <telegramfield name="ReturnCode" start="16" len="3" />
        </telegramtype>
        <telegramtype name="POR" description="AC -> AM,AV" classname="com.swisslog.wm6.conveyor.sis41.api.telegrams.Conv41POR">
            <telegramfield name="TelegramType" start="0" len="3" />
            <telegramfield name="ConveyorPosition" start="3" len="12" />
            <telegramfield name="AssignmentId" start="15" len="8" />
            <telegramfield name="TuType" start="23" len="2" />
            <telegramfield name="LoadInformation" start="25" len="1" />
            <telegramfield name="Destination" start="26" len="12" />
            <telegramfield name="ReturnCode" start="38" len="3" />
            <telegramfield name="TuIdPresent" start="41" len="1" />
            <telegramfield name="TuId" start="42" len="18" />
        </telegramtype>
        <telegramtype name="PRQ" description="AM,AV -> AC" classname="com.swisslog.wm6.conveyor.sis41.api.telegrams.Conv41PRQ">
            <telegramfield name="TelegramType" start="0" len="3" />
            <telegramfield name="ConveyorPosition" start="3" len="12" />
        </telegramtype>
        <telegramtype name="PSR" description="AC -> AM,AV" classname="com.swisslog.wm6.conveyor.sis41.api.telegrams.Conv41PSR">
            <telegramfield name="TelegramType" start="0" len="3" />
            <telegramfield name="ConveyorPosition" start="3" len="12" presentation="SIS" />
            <telegramfield name="AssignmentId" start="15" len="8" />
            <telegramfield name="TuType" start="23" len="2" />
            <telegramfield name="LoadInformation" start="25" len="1" presentation="0=Unloaded;1=Loaded" />
            <telegramfield name="Destination" start="26" len="12" presentation="SIS" />
            <telegramfield name="ReturnCode" start="38" len="3" />
            <telegramfield name="TuIdPresent" start="41" len="1" presentation="0=no;1=yes" />
            <telegramfield name="TuId" start="42" len="18" />
        </telegramtype>
        <telegramtype name="PCQ" description="AM,AV -> AC" classname="com.swisslog.wm6.conveyor.sis41.api.telegrams.Conv41PCQ">
            <telegramfield name="TelegramType" start="0" len="3" />
            <telegramfield name="ConveyorPosition" start="3" len="12" />
            <telegramfield name="Code" start="15" len="1" />
            <telegramfield name="Points" start="16" len="2" />
        </telegramtype>
        <telegramtype name="PCR" description="AC -> AM,AV" classname="com.swisslog.wm6.conveyor.sis41.api.telegrams.Conv41PCR">
            <telegramfield name="TelegramType" start="0" len="3" />
            <telegramfield name="ConveyorPosition" start="3" len="12" presentation="SIS" />
            <telegramfield name="InformationType" start="15" len="2" />
            <telegramfield name="FromPlaceNo" start="17" len="12" presentation="SIS" />
            <telegramfield name="NextPlaceNo" start="29" len="12" presentation="SIS" />
            <telegramfield name="Points" start="41" len="2" />
            <telegramfield name="Part" start="43" len="3" />
            <telegramfield name="LastPart" start="46" len="3" />
            <telegramfield name="Ready" start="49" len="1" presentation="0=NotInitialised;1=InitialisationDone" />
            <telegramfield name="Error" start="50" len="1" presentation="0=NoError;1=ErrorState" />
            <telegramfield name="Enabled" start="51" len="1" presentation="0=no;1=yes" />
            <telegramfield name="EnableStop" start="52" len="1" presentation="0=no;1=yes" />
            <telegramfield name="SoftStopped" start="53" len="1" presentation="0=no;1=yes" />
            <telegramfield name="FastStopped" start="54" len="1" presentation="0=no;1=yes" />
            <telegramfield name="TakeReady" start="55" len="1" presentation="0=no;1=yes" />
            <telegramfield name="GiveReady" start="56" len="1" presentation="0=no;1=yes" />
            <telegramfield name="ReturnCode" start="57" len="3" />
        </telegramtype>
        <telegramtype name="STA" description="AM,AV -> AC" classname="com.swisslog.wm6.conveyor.sis41.api.telegrams.Conv41STA">
            <telegramfield name="TelegramType" start="0" len="3" />
            <telegramfield name="ConveyorGroup" start="3" len="12" />
        </telegramtype>
        <telegramtype name="STO" description="AM,AV -> AC" classname="com.swisslog.wm6.conveyor.sis41.api.telegrams.Conv41STO">
            <telegramfield name="TelegramType" start="0" len="3" />
            <telegramfield name="ConveyorGroup" start="3" len="12" />
        </telegramtype>
        <telegramtype name="PLQ" description="AM,AV -> AC" classname="com.swisslog.wm6.conveyor.sis41.api.telegrams.Conv41PLQ">
            <telegramfield name="TelegramType" start="0" len="3" />
            <telegramfield name="PlcIdentification" start="3" len="2" />
        </telegramtype>
        <telegramtype name="PLR" description="AC -> AM,AV" classname="com.swisslog.wm6.conveyor.sis41.api.telegrams.Conv41PLR">
            <telegramfield name="TelegramType" start="0" len="3" />
            <telegramfield name="PlcIdentification" start="3" len="2" />
            <telegramfield name="Mode" start="5" len="2" />
            <telegramfield name="ReturnCode" start="7" len="3" />
        </telegramtype>
        <telegramtype name="SDI" description="AC -> AM" classname="com.swisslog.wm6.conveyor.sis41.api.telegrams.Conv41SDI">
            <telegramfield name="TelegramType" start="0" len="3" />
            <telegramfield name="SignalNumber" start="3" len="4" />
            <telegramfield name="SignalState" start="7" len="1" />
            <telegramfield name="ReturnCode" start="8" len="3" />
        </telegramtype>
        <telegramtype name="SDO" description="AV -> AC" classname="com.swisslog.wm6.conveyor.sis41.api.telegrams.Conv41SDO">
            <telegramfield name="TelegramType" start="0" len="3" />
            <telegramfield name="SignalNumber" start="3" len="4" />
            <telegramfield name="SignalState" start="7" len="1" />
        </telegramtype>
        <telegramtype name="IRQ" description="AV -> AC" classname="com.swisslog.wm6.conveyor.sis41.api.telegrams.Conv41IRQ">
            <telegramfield name="TelegramType" start="0" len="3" />
            <telegramfield name="SignalType" start="3" len="1" />
            <telegramfield name="StartingSignalNumber" start="4" len="4" />
            <telegramfield name="DataLength" start="8" len="2" />
        </telegramtype>
        <telegramtype name="ISR" description="AC -> AV" classname="com.swisslog.wm6.conveyor.sis41.api.telegrams.Conv41ISR">
            <telegramfield name="TelegramType" start="0" len="3" />
            <telegramfield name="SignalType" start="3" len="1" />
            <telegramfield name="StartingSignalNumber" start="4" len="4" />
            <telegramfield name="DataLength" start="8" len="2" />
            <telegramfield name="Information" start="10" len="99" />
        </telegramtype>
        <telegramtype name="MSG" description="ANY -> ANY" classname="com.swisslog.wm6.conveyor.sis41.api.telegrams.Conv41MSG">
            <telegramfield name="TelegramType" start="0" len="3" />
            <telegramfield name="SubType" start="3" len="3" />
            <telegramfield name="Information" start="6" len="0" />
        </telegramtype>
        <telegramtype name="CON" description="JcomComponent -> AV connectionStatus" classname="com.swisslog.wm6.subsystem.api.telegrams.SubsystemCON">
            <telegramfield name="TelegramType" start="0" len="3" />
            <telegramfield name="Connected" start="3" len="1" />
        </telegramtype>
    </telegramset>
</WM6>