<?xml version="1.0" encoding="UTF-8"?>
<WM6 xmlns="http://wm6.swisslog.com/schema/telegram" xmlns:xsi="http://www.w3.org/2001/XMLSchema-instance"
    xsi:schemaLocation="http://wm6.swisslog.com/schema/telegram http://wm6.swisslog.com/schema/telegram-1.1.xsd">

    <telegramset name="SIS-Crane-4.1">
        <property key="PrefixLength" value="3" />
        <telegramtype name="ARQ" description="AM -> AC" classname="com.swisslog.wm6.crane.sis41.api.telegrams.Crane41ARQ">
            <telegramfield name="TelegramType" start="0" len="3" />
            <telegramfield name="CraneNumber" start="3" len="2" />
            <telegramfield name="AssignmentId" start="5" len="8" />
            <telegramfield name="AssignmentType" start="13" len="2" />
            <telegramfield name="TuType" start="15" len="2" />
            <telegramfield name="StartingPosition" start="17" len="12" />
            <telegramfield name="DestinationPosition" start="29" len="12" />
            <telegramfield name="Fork" start="41" len="2" />
            <telegramfield name="Speed" start="43" len="2" />
            <telegramfield name="RearForkSide" start="45" len="2" />
            <telegramfield name="FrontForkSide" start="47" len="2" />
        </telegramtype>
        <telegramtype name="ACP" description="AC -> AM" classname="com.swisslog.wm6.crane.sis41.api.telegrams.Crane41ACP">
            <telegramfield name="TelegramType" start="0" len="3"  classname="String" />
            <telegramfield name="CraneNumber" start="3" len="2"  classname="String" />
            <telegramfield name="AssignmentId" start="5" len="8"  classname="Long" />
            <telegramfield name="CranePosition" start="13" len="12" classname="String" />
            <telegramfield name="LoadStatusRearForkLeft" start="25" len="2" presentation="LO=Loaded;UL=Unloaded" classname="String" />
            <telegramfield name="LoadStatusRearForkRight" start="27" len="2" presentation="LO=Loaded;UL=Unloaded" classname="String" />
            <telegramfield name="LoadStatusFrontForkLeft" start="29" len="2" presentation="LO=Loaded;UL=Unloaded" classname="String" />
            <telegramfield name="LoadStatusFrontForkRight" start="31" len="2" presentation="LO=Loaded;UL=Unloaded" classname="String" />
            <telegramfield name="ReturnCode" start="33" len="3" classname="String" />
            <telegramfield name="NumberOfTusWithInfoBlock" start="36" len="1" classname="Integer" />
            <telegramarray name="InfoBlock" arraysize="NumberOfTusWithInfoBlock" classname="com.swisslog.wm6.crane.sis41.api.telegrams.Crane41ACPArrayDataStructure">
                <telegramfield name="Fork" len="2" presentation="SIS" classname="java.lang.String" />
                <telegramfield name="PositionOnFork" len="1" presentation="SIS" classname="java.lang.String" />
                <telegramfield name="LocationRequesResult" len="1" classname="int" />
                <telegramfield name="LoadHeight" len="1" classname="int" />
                <telegramfield name="LoadWidthRight" len="1" classname="int" />
                <telegramfield name="LoadWidthLeft" len="1" classname="int" />
                <telegramfield name="LoadLengthFront" len="1" classname="int" />
                <telegramfield name="LoadLengthBack" len="1" classname="int" />
                <telegramfield name="LoadWeight" len="7" classname="int" />
                <telegramfield name="ScannerError" len="3" classname="int" />
                <telegramfield name="LabelLength" len="3" classname="int" />
                <telegramfield name="Label" len="18" presentation="SIS" classname="java.lang.String" />
            </telegramarray>
            
        </telegramtype>
        <telegramtype name="CRQ" description="AM,AV -> AC" classname="com.swisslog.wm6.crane.sis41.api.telegrams.Crane41CRQ">
            <telegramfield name="TelegramType" start="0" len="3" />
            <telegramfield name="CraneNumber" start="3" len="2" />
        </telegramtype>
        <telegramtype name="CSR" description="AC -> AM,AV" classname="com.swisslog.wm6.crane.sis41.api.telegrams.Crane41CSR">
            <telegramfield name="TelegramType" start="0" len="3" />
            <telegramfield name="CraneNumber" start="3" len="2" />
            <telegramfield name="AssignmentId" start="5" len="8" />
            <telegramfield name="CraneMode" start="13" len="1" presentation="1=Started;2=Stopped;3=Manual" />
            <telegramfield name="CranePositionInAisle" start="14" len="6" />
            <telegramfield name="LoadStatusRearForkLeft" start="20" len="2" presentation="LO=Loaded;UL=Unloaded" />
            <telegramfield name="LoadStatusRearForkRight" start="22" len="2" presentation="LO=Loaded;UL=Unloaded" />
            <telegramfield name="LoadStatusFrontForkLeft" start="24" len="2" presentation="LO=Loaded;UL=Unloaded" />
            <telegramfield name="LoadStatusFrontForkRight" start="26" len="2" presentation="LO=Loaded;UL=Unloaded" />
            <telegramfield name="CurrentAisle" start="28" len="2" />
            <telegramfield name="ReturnCode" start="30" len="3" />
        </telegramtype>
        <telegramtype name="DEC" description="AC -> AM,AV" classname="com.swisslog.wm6.crane.sis41.api.telegrams.Crane41DEC">
            <telegramfield name="TelegramType" start="0" len="3" />
            <telegramfield name="CraneNumber" start="3" len="2" />
            <telegramfield name="AssignmentId" start="5" len="8" />
            <telegramfield name="ReturnCode" start="13" len="3" />
        </telegramtype>
        <telegramtype name="DER" description="AM,AV -> AC" classname="com.swisslog.wm6.crane.sis41.api.telegrams.Crane41DER">
            <telegramfield name="TelegramType" start="0" len="3" />
            <telegramfield name="CraneNumber" start="3" len="2" />
            <telegramfield name="AssignmentId" start="5" len="8" />
        </telegramtype>
        <telegramtype name="STA" description="AM,AV -> AC" classname="com.swisslog.wm6.crane.sis41.api.telegrams.Crane41STA">
            <telegramfield name="TelegramType" start="0" len="3" />
            <telegramfield name="CraneNumber" start="3" len="2" />
        </telegramtype>
        <telegramtype name="STO" description="AM,AV -> AC" classname="com.swisslog.wm6.crane.sis41.api.telegrams.Crane41STO">
            <telegramfield name="TelegramType" start="0" len="3" />
            <telegramfield name="CraneNumber" start="3" len="2" />
        </telegramtype>
        <telegramtype name="SDI" description="AC -> AM" classname="com.swisslog.wm6.crane.sis41.api.telegrams.Crane41SDI">
            <telegramfield name="TelegramType" start="0" len="3" />
            <telegramfield name="SignalNumber" start="3" len="4" />
            <telegramfield name="SignalState" start="7" len="1" />
            <telegramfield name="ReturnCode" start="8" len="3" />
        </telegramtype>
        <telegramtype name="SDO" description="AV -> AC" classname="com.swisslog.wm6.crane.sis41.api.telegrams.Crane41SDO">
            <telegramfield name="TelegramType" start="0" len="3" />
            <telegramfield name="SignalNumber" start="3" len="4" />
            <telegramfield name="SignalState" start="7" len="1" />
        </telegramtype>
        <telegramtype name="IRQ" description="AV -> AC" classname="com.swisslog.wm6.crane.sis41.api.telegrams.Crane41IRQ">
            <telegramfield name="TelegramType" start="0" len="3" />
            <telegramfield name="SignalType" start="3" len="1" />
            <telegramfield name="StartingSignalNumber" start="4" len="4" />
            <telegramfield name="DataLength" start="8" len="2" />
        </telegramtype>
        <telegramtype name="ISR" description="AC -> AV" classname="com.swisslog.wm6.crane.sis41.api.telegrams.Crane41ISR">
            <telegramfield name="TelegramType" start="0" len="3" />
            <telegramfield name="SignalType" start="3" len="1" />
            <telegramfield name="StartingSignalNumber" start="4" len="4" />
            <telegramfield name="DataLength" start="8" len="2" />
            <telegramfield name="Information" start="10" len="99" />
        </telegramtype>
        <telegramtype name="MSG" description="ANY -> ANY" classname="com.swisslog.wm6.crane.sis41.api.telegrams.Crane41MSG">
            <telegramfield name="TelegramType" start="0" len="3" />
            <telegramfield name="SubType" start="3" len="3" />
            <telegramfield name="Information" start="6" len="0" />
        </telegramtype>

        <telegramtype name="CON" description="JcomComponent -> AV connectionStatus" classname="com.swisslog.wm6.subsystem.api.telegrams.SubsystemCON">
            <telegramfield name="TelegramType" start="0" len="3" />
            <telegramfield name="Connected" start="3" len="1" />
        </telegramtype>
    </telegramset>
</WM6>