<?xml version="1.0" encoding="UTF-8" ?>
<WM6 xmlns="http://wm6.swisslog.com/schema/telegram" xmlns:xsi="http://www.w3.org/2001/XMLSchema-instance"
    xsi:schemaLocation="http://wm6.swisslog.com/schema/telegram http://wm6.swisslog.com/schema/telegram-1.1.xsd">

    <telegramset name="SIS-Crane-5.1">
        <property key="PrefixLength" value="3" />

        <!-- ===================================== -->
        <!-- Special connection handling telegrams -->
        <!-- ===================================== -->

        <telegramtype name="CON" description="JcomComponent -> AV connectionStatus"
            classname="com.swisslog.wm6.subsystem.api.telegrams.TransportEquipmentCON">
            <telegramfield name="TelegramType" start="0" len="3" />
            <telegramfield name="Connected" len="1" classname="int" presentation="0=disconnected;1=connected" />
            <telegramfield name="TransportEquipment" len="12" classname="java.lang.String" />
        </telegramtype>

        <!-- =========================== -->
        <!-- Normal assignment telegrams -->
        <!-- =========================== -->

        <telegramtype name="TTQ" description="AC -> AM / AV: Transport Task Request" classname="com.swisslog.wm6.crane.sis51.api.telegrams.Crane51TTQ">
            <telegramfield name="TelegramType" start="0" len="3" classname="java.lang.String" />
            <telegramfield name="CraneSis" len="12" presentation="SIS" classname="java.lang.String" />
            <telegramfield name="NumberOfTus" len="1" classname="int" />
            <telegramarray name="Tus" arraysize="NumberOfTus"
                classname="com.swisslog.wm6.crane.sis51.api.telegrams.CraneTransportUnit">
                <telegramfield name="TuId" len="18" classname="long" />
                <telegramfield name="TuType" len="2" classname="int" />
            </telegramarray>
            <telegramfield name="Timestamp" len="19" classname="java.util.Date" />
        </telegramtype>

        <telegramtype name="TTA" description="AM / AV -> AC: Transport Task Assignment" classname="com.swisslog.wm6.crane.sis51.api.telegrams.Crane51TTA">
            <telegramfield name="TelegramType" start="0" len="3" classname="java.lang.String" />
            <telegramfield name="CraneSis" len="12" presentation="SIS" classname="java.lang.String" />
            <telegramfield name="TransportTaskId" len="8" classname="int" />
            <telegramfield name="Priority" len="1" presentation="0=normalPrio;1=highPrio" classname="int" />
            <telegramfield name="NumberOfActions" len="1" classname="int" />
            <telegramarray name="Actions" arraysize="NumberOfActions"
                classname="com.swisslog.wm6.crane.sis51.api.telegrams.CraneTransportAction">
                <telegramfield name="ActionId" len="1" classname="int" />
                <telegramfield name="ActionType" len="7"
                    presentation="MOVE_TO=MoveTo;PICKRACK=PickUpFromRack;DEPRACK=DepositToRack;PIC_HOP=PickUpFromPickStand;DEP_HOP=DropOffToDropStand"
                    classname="java.lang.String" />
                <telegramfield name="ConveyorSis" len="12" presentation="SIS" classname="java.lang.String" />
                <telegramfield name="RackSis" len="12" presentation="SIS" classname="java.lang.String" />
                <telegramfield name="CranePositionX" len="6" classname="int" />
                <telegramfield name="CranePositionY" len="6" classname="int" />
                <telegramfield name="CranePositionZ" len="4" classname="int" />
                <telegramfield name="Lift" len="3" classname="int" />
                <telegramfield name="DynamicXCorrection" len="1" classname="boolean" />
                <telegramfield name="DynamicYCorrection" len="1" classname="boolean" />
                <telegramfield name="NumberOfTus" len="1" classname="int" />
                <telegramarray name="Tu" arraysize="NumberOfTus"
                    classname="com.swisslog.wm6.crane.sis51.api.telegrams.CraneTransportUnitOnLhd">
                    <telegramfield name="LhdSis" len="12" presentation="SIS" classname="java.lang.String" />
                    <telegramfield name="TuId" len="18" classname="long" />
                    <telegramfield name="TuType" len="2" classname="int" />
                </telegramarray>
            </telegramarray>
        </telegramtype>

        <telegramtype name="TAC" description="AC -> AM / AV: Transport Action Complete" classname="com.swisslog.wm6.crane.sis51.api.telegrams.Crane51TAC">
            <telegramfield name="TelegramType" start="0" len="3" classname="java.lang.String" />
            <telegramfield name="CraneSis" len="12" presentation="SIS" classname="java.lang.String" />
            <telegramfield name="TransportTaskId" len="8" classname="int" />
            <telegramfield name="TransportActionId" len="1" classname="int" />
            <telegramfield name="CranePositionX" len="6" classname="int" />
            <telegramfield name="CranePositionY" len="6" classname="int" />
            <telegramfield name="ErrorCode" len="4" classname="int" />
            <telegramfield name="Timestamp" len="19" classname="java.util.Date" />
        </telegramtype>

        <telegramtype name="TTC" description="AC -> AM / AV: Transport Task Complete" classname="com.swisslog.wm6.crane.sis51.api.telegrams.Crane51TTC">
            <telegramfield name="TelegramType" start="0" len="3" classname="java.lang.String" />
            <telegramfield name="CraneSis" len="12" presentation="SIS" classname="java.lang.String" />
            <telegramfield name="TransportTaskId" len="8" classname="int" />
            <telegramfield name="ErrorCode" len="4" classname="int" />
            <telegramfield name="Timestamp" len="19" classname="java.util.Date" />
        </telegramtype>

        <telegramtype name="TDQ" description="AM / AV -> AC: Transport Task Delete Request" classname="com.swisslog.wm6.crane.sis51.api.telegrams.Crane51TDQ">
            <telegramfield name="TelegramType" start="0" len="3" classname="java.lang.String" />
            <telegramfield name="CraneSis" len="12" presentation="SIS" classname="java.lang.String" />
            <telegramfield name="TransportTaskId" len="8" classname="int" />
        </telegramtype>

        <telegramtype name="TDR" description="AC -> AM / AV: Transport Task Delete Report" classname="com.swisslog.wm6.crane.sis51.api.telegrams.Crane51TDR">
            <telegramfield name="TelegramType" start="0" len="3" classname="java.lang.String" />
            <telegramfield name="CraneSis" len="12" presentation="SIS" classname="java.lang.String" />
            <telegramfield name="TransportTaskId" len="8" classname="int" />
            <telegramfield name="ErrorCode" len="4" classname="int" />
            <telegramfield name="Timestamp" len="19" classname="java.util.Date" />
        </telegramtype>

        <telegramtype name="TMQ" description="AM / AV -> AC: Transport Task Modification Request"
            classname="com.swisslog.wm6.crane.sis51.api.telegrams.Crane51TMQ">
            <telegramfield name="TelegramType" start="0" len="3" classname="java.lang.String" />
            <telegramfield name="CraneSis" len="12" presentation="SIS" classname="java.lang.String" />
            <telegramfield name="TransportTaskId" len="8" classname="int" />
            <telegramfield name="Priority" len="1" presentation="0=normalPrio;1=highPrio" classname="int" />
            <telegramfield name="NumberOfActions" len="1" classname="int" />
            <telegramarray name="Actions" arraysize="NumberOfActions"
                classname="com.swisslog.wm6.crane.sis51.api.telegrams.CraneTransportAction">
                <telegramfield name="ActionId" len="1" classname="int" />
                <telegramfield name="ActionType" len="7"
                    presentation="MOVE_TO=MoveTo;PICKRACK=PickUpFromRack;DEPRACK=DepositToRack;PIC_HOP=PickUpFromPickStand;DEP_HOP=DropOffToDropStand"
                    classname="java.lang.String" />
                <telegramfield name="ConveyorSis" len="12" presentation="SIS" classname="java.lang.String" />
                <telegramfield name="RackSis" len="12" presentation="SIS" classname="java.lang.String" />
                <telegramfield name="CranePositionX" len="6" classname="int" />
                <telegramfield name="CranePositionY" len="6" classname="int" />
                <telegramfield name="CranePositionZ" len="4" classname="int" />
                <telegramfield name="Lift" len="3" classname="int" />
                <telegramfield name="DynamicXCorrection" len="1" classname="boolean" />
                <telegramfield name="DynamicYCorrection" len="1" classname="boolean" />
                <telegramfield name="NumberOfTus" len="1" classname="int" />
                <telegramarray name="Tu" arraysize="NumberOfTus"
                    classname="com.swisslog.wm6.crane.sis51.api.telegrams.CraneTransportUnitOnLhd">
                    <telegramfield name="LhdSis" len="12" presentation="SIS" classname="java.lang.String" />
                    <telegramfield name="TuId" len="18" classname="long" />
                    <telegramfield name="TuType" len="2" classname="int" />
                </telegramarray>
            </telegramarray>
        </telegramtype>

        <telegramtype name="TMR" description="AC -> AM / AV: Transport Task Modification Report" classname="com.swisslog.wm6.crane.sis51.api.telegrams.Crane51TMR">
            <telegramfield name="TelegramType" start="0" len="3" classname="java.lang.String" />
            <telegramfield name="CraneSis" len="12" presentation="SIS" classname="java.lang.String" />
            <telegramfield name="TransportTaskId" len="8" classname="int" />
            <telegramfield name="ErrorCode" len="4" classname="int" />
            <telegramfield name="Timestamp" len="19" classname="java.util.Date" />
        </telegramtype>

        <!-- ================= -->
        <!-- Control telegrams -->
        <!-- ================= -->

        <telegramtype name="SCQ" description="AV -> AC: System Control Request" classname="com.swisslog.wm6.crane.sis51.api.telegrams.Crane51SCQ">
            <telegramfield name="TelegramType" start="0" len="3" classname="java.lang.String" />
            <telegramfield name="CraneSis" len="12" presentation="SIS" classname="java.lang.String" />
            <telegramfield name="Code" len="2"
                presentation="1=AcknowledgeError;3=ChangeState;4=ChangeMode;5=SetVariable;7=UpdateSystemTime;10=AllDebugMessage;11=ErrorDebugMessage;12=WarningDebugMessage;13=InfoDebugMessage"
                classname="int" />
            <telegramfield name="Variable" len="4" classname="int" />
            <telegramfield name="Timestamp" len="19" classname="java.util.Date" />
        </telegramtype>

        <telegramtype name="SCR" description="AC -> AV: System Control Reply" classname="com.swisslog.wm6.crane.sis51.api.telegrams.Crane51SCR">
            <telegramfield name="TelegramType" start="0" len="3" classname="java.lang.String" />
            <telegramfield name="CraneSis" len="12" presentation="SIS" classname="java.lang.String" />
            <telegramfield name="Code" len="2"
                presentation="1=AcknowledgeError;3=ChangeState;4=ChangeMode;5=SetVariable;7=UpdateSystemTime;10=AllDebugMessage;11=ErrorDebugMessage;12=WarningDebugMessage;13=InfoDebugMessage"
                classname="int" />
            <telegramfield name="Variable" len="4" classname="int" />
            <telegramfield name="ErrorCode" len="4" classname="int" />
        </telegramtype>

        <!-- ===================== -->
        <!-- Information telegrams -->
        <!-- ===================== -->

        <telegramtype name="SSQ" description="AV -> AC: System Status Request" classname="com.swisslog.wm6.crane.sis51.api.telegrams.Crane51SSQ">
            <telegramfield name="TelegramType" start="0" len="3" classname="java.lang.String" />
            <telegramfield name="CraneSis" len="12" presentation="SIS" classname="java.lang.String" />
        </telegramtype>

        <telegramtype name="SSR" description="AC -> AV: System Status Report" classname="com.swisslog.wm6.crane.sis51.api.telegrams.Crane51SSR">
            <telegramfield name="TelegramType" start="0" len="3" classname="java.lang.String" />
            <telegramfield name="CraneSis" len="12" presentation="SIS" classname="java.lang.String" />
            <telegramfield name="Mode" len="1" presentation="1=Manual;2=SemiAutomatic;3=Automatic"
                classname="int" />
            <telegramfield name="State" len="1" presentation="0=stopped;1=started;2=standby" classname="int" />
            <telegramfield name="Variable" len="4" classname="int" />
            <telegramfield name="NumberOfEvents" len="2" classname="int" />
            <telegramarray name="Events" arraysize="NumberOfEvents"
                classname="com.swisslog.wm6.crane.sis51.api.telegrams.CraneStatusEvent">
                <telegramfield name="EventCode" len="4" classname="int" />
                <telegramfield name="EventType" len="1" presentation="1=message;2=warning;3=error"
                    classname="int" />
                <telegramfield name="EventSource" len="4" classname="int" />
                <telegramfield name="EventInformation" len="10" classname="java.lang.String" />
            </telegramarray>
        </telegramtype>

        <telegramtype name="MSQ" description="AV -> AC: Mover Status Request" classname="com.swisslog.wm6.crane.sis51.api.telegrams.Crane51MSQ">
            <telegramfield name="TelegramType" start="0" len="3" classname="java.lang.String" />
            <telegramfield name="CraneSis" len="12" presentation="SIS" classname="java.lang.String" />
        </telegramtype>

        <telegramtype name="MSR" description="AC -> AV: Mover Status Report" classname="com.swisslog.wm6.crane.sis51.api.telegrams.Crane51MSR">
            <telegramfield name="TelegramType" start="0" len="3" classname="java.lang.String" />
            <telegramfield name="CraneSis" len="12" presentation="SIS" classname="java.lang.String" />
            <telegramfield name="ActualPositionX" len="6" classname="int" />
            <telegramfield name="ActualPositionY" len="6" classname="int" />
            <telegramfield name="TargetPositionX" len="6" classname="int" />
            <telegramfield name="TargetPositionY" len="6" classname="int" />
            <telegramfield name="Variable" len="4" classname="int" />
            <telegramfield name="NumberOfEvents" len="2" classname="int" />
            <telegramarray name="Events" arraysize="NumberOfEvents"
                classname="com.swisslog.wm6.crane.sis51.api.telegrams.CraneStatusEvent">
                <telegramfield name="EventCode" len="4" classname="int" />
                <telegramfield name="EventType" len="1" presentation="1=message;2=warning;3=error"
                    classname="int" />
                <telegramfield name="EventSource" len="4" classname="int" />
                <telegramfield name="EventInformation" len="10" classname="java.lang.String" />
            </telegramarray>
        </telegramtype>

        <telegramtype name="DSQ" description="AV -> AC: Device Status Request" classname="com.swisslog.wm6.crane.sis51.api.telegrams.Crane51DSQ">
            <telegramfield name="TelegramType" start="0" len="3" classname="java.lang.String" />
            <telegramfield name="DeviceSis" len="12" presentation="SIS" classname="java.lang.String" />
        </telegramtype>

        <telegramtype name="DSR" description="AC -> AV: Device Status Report" classname="com.swisslog.wm6.crane.sis51.api.telegrams.Crane51DSR">
            <telegramfield name="TelegramType" start="0" len="3" classname="java.lang.String" />
            <telegramfield name="DeviceSis" len="12" presentation="SIS" classname="java.lang.String" />
            <telegramfield name="TransferState" len="2" classname="int" />
            <telegramfield name="TakeOverState" len="2" classname="int" />
            <telegramfield name="HandOverState" len="2" classname="int" />
            <telegramfield name="ActualPositionZ" len="4" classname="int" />
            <telegramfield name="TargetPositionZ" len="4" classname="int" />
            <telegramfield name="TuId" len="18" classname="long" />
            <telegramfield name="TuType" len="2" classname="int" />
            <telegramfield name="Loaded" len="1" presentation="0=Unloaded;1=Loaded" classname="boolean" />
            <telegramfield name="LhdInformation" len="1" presentation="0=retracted;1=extendedLeft;2=extendedRight"
                classname="int" />
            <telegramfield name="Variable" len="4" classname="int" />
            <telegramfield name="NumberOfEvents" len="2" classname="int" />
            <telegramarray name="Events" arraysize="NumberOfEvents"
                classname="com.swisslog.wm6.crane.sis51.api.telegrams.CraneStatusEvent">
                <telegramfield name="EventCode" len="4" classname="int" />
                <telegramfield name="EventType" len="1" presentation="1=message;2=warning;3=error"
                    classname="int" />
                <telegramfield name="EventSource" len="4" classname="int" />
                <telegramfield name="EventInformation" len="10" classname="java.lang.String" />
            </telegramarray>
        </telegramtype>

        <!-- =============================== -->
        <!-- Auxiliary information telegrams -->
        <!-- =============================== -->

        <telegramtype name="DIQ" description="AV -> AC: Digital Input Request" classname="com.swisslog.wm6.crane.sis51.api.telegrams.Crane51DIQ">
            <telegramfield name="TelegramType" start="0" len="3" classname="java.lang.String" />
            <telegramfield name="CraneSis" len="12" presentation="SIS" classname="java.lang.String" />
        </telegramtype>

        <telegramtype name="SDI" description="AC -> AV: Send Digital Input" classname="com.swisslog.wm6.crane.sis51.api.telegrams.Crane51SDI">
            <telegramfield name="TelegramType" start="0" len="3" classname="java.lang.String" />
            <telegramfield name="CraneSis" len="12" presentation="SIS" classname="java.lang.String" />
            <telegramfield name="SignalNumber" len="4" classname="int" />
            <telegramfield name="SignalState" len="1" presentation="0=lowSignal;1=highSignal" classname="int" />
        </telegramtype>

        <telegramtype name="SDO" description="AV -> AC" classname="com.swisslog.wm6.crane.sis51.api.telegrams.Crane51SDO">
            <telegramfield name="TelegramType" start="0" len="3" classname="java.lang.String" />
            <telegramfield name="CraneSis" len="12" presentation="SIS" classname="java.lang.String" />
            <telegramfield name="SignalNumber" len="4" classname="int" />
            <telegramfield name="SignalState" len="1" classname="int" />
        </telegramtype>

        <telegramtype name="OIQ" description="AV -> AC: Object Info Request" classname="com.swisslog.wm6.crane.sis51.api.telegrams.Crane51OIQ">
            <telegramfield name="TelegramType" start="0" len="3" classname="java.lang.String" />
            <telegramfield name="CraneSis" len="12" presentation="SIS" classname="java.lang.String" />
            <telegramfield name="Variable1" len="4" classname="int" />
            <telegramfield name="Variable2" len="4" classname="int" />
            <telegramfield name="Variable3" len="4" classname="int" />
            <telegramfield name="Variable4" len="4" classname="int" />
            <telegramfield name="UpdateType" len="1" presentation="0=single;1=tenSeconds;2=continuouslyOn;3=contiuouslyOff"
                classname="int" />
        </telegramtype>

        <telegramtype name="OIR" description="AC -> AV: Object Information Report" classname="com.swisslog.wm6.crane.sis51.api.telegrams.Crane51OIR">
            <telegramfield name="TelegramType" start="0" len="3" classname="java.lang.String" />
            <telegramfield name="CraneSis" len="12" presentation="SIS" classname="java.lang.String" />
            <telegramfield name="UpdateType" len="1" presentation="0=single;1=tenSeconds;2=continuouslyOn;3=contiuouslyOff"
                classname="int" />
            <telegramfield name="Timestamp" len="19" classname="java.util.Date" />
            <telegramfield name="NumberOfDatasets" len="2" classname="int" />
            <telegramarray name="DataSets" arraysize="NumberOfDatasets"
                classname="com.swisslog.wm6.crane.sis51.api.telegrams.ObjectInfoDataSets">
                <telegramfield name="Variable" len="4" classname="int" />
                <telegramfield name="TimeElapsed" len="6" classname="int" />
                <telegramfield name="Value" len="6" classname="int" />
            </telegramarray>
            <telegramfield name="ErrorCode" len="4" classname="int" />
        </telegramtype>

        <!-- ======================================= -->
        <!-- Commissioning / Configuration telegrams -->
        <!-- ======================================= -->

        <telegramtype name="PDQ" description="AV -> AC: Parameterization Download Request" classname="com.swisslog.wm6.crane.sis51.api.telegrams.Crane51PDQ">
            <telegramfield name="TelegramType" start="0" len="3" classname="java.lang.String" />
            <telegramfield name="CraneSis" len="12" presentation="SIS" classname="java.lang.String" />
            <telegramfield name="DataSetType" len="2"
                presentation="1=SYSTEM;2=MOVER;3=LHD_1;4=LHD_2;5=TCPIP_CHANNEL;6=SIS_CHANNEL;7=LANDSIDE_IO_INTERFACE;8=CONVEYOR_INTERFACE"
                classname="int" />
            <telegramfield name="NumberOfDatasets" len="3" classname="int" />
            <telegramarray name="DataSets" arraysize="NumberOfDatasets"
                classname="com.swisslog.wm6.crane.sis51.api.telegrams.ParameterDataSet">
                <telegramfield name="Index" len="4" classname="int" />
                <telegramfield name="Name" len="80" classname="java.lang.String" />
                <telegramfield name="Type" len="1" presentation="0=NumericParameter;1=StringParameter;2=BooleanParameter"
                    classname="int" />
                <telegramfield name="Value" len="12" classname="java.lang.String" />
            </telegramarray>
        </telegramtype>

        <telegramtype name="PDR" description="AC -> AV: Parameterization Download Report" classname="com.swisslog.wm6.crane.sis51.api.telegrams.Crane51PDR">
            <telegramfield name="TelegramType" start="0" len="3" classname="java.lang.String" />
            <telegramfield name="CraneSis" len="12" presentation="SIS" classname="java.lang.String" />
            <telegramfield name="ErrorCode" len="4" classname="int" />
        </telegramtype>

        <telegramtype name="PUQ" description="AV -> AC: Parameterization Upload Request" classname="com.swisslog.wm6.crane.sis51.api.telegrams.Crane51PUQ">
            <telegramfield name="TelegramType" start="0" len="3" classname="java.lang.String" />
            <telegramfield name="CraneSis" len="12" presentation="SIS" classname="java.lang.String" />
            <telegramfield name="DataSetType" len="2"
                presentation="1=SYSTEM;2=MOVER;3=LHD_1;4=LHD_2;5=TCPIP_CHANNEL;6=SIS_CHANNEL;7=LANDSIDE_IO_INTERFACE;8=CONVEYOR_INTERFACE"
                classname="int" />
        </telegramtype>

        <telegramtype name="PUR" description="AC -> AV: Parameterization Upload Report" classname="com.swisslog.wm6.crane.sis51.api.telegrams.Crane51PUR">
            <telegramfield name="TelegramType" start="0" len="3" classname="java.lang.String" />
            <telegramfield name="CraneSis" len="12" presentation="SIS" classname="java.lang.String" />
            <telegramfield name="DataSetType" len="2"
                presentation="1=SYSTEM;2=MOVER;3=LHD_1;4=LHD_2;5=TCPIP_CHANNEL;6=SIS_CHANNEL;7=LANDSIDE_IO_INTERFACE;8=CONVEYOR_INTERFACE"
                classname="int" />
            <telegramfield name="NumberOfDatasets" len="3" classname="int" />
            <telegramarray name="DataSets" arraysize="NumberOfDatasets"
                classname="com.swisslog.wm6.crane.sis51.api.telegrams.ParameterDataSet">
                <telegramfield name="Index" len="4" classname="int" />
                <telegramfield name="Name" len="80" classname="java.lang.String" />
                <telegramfield name="Type" len="1" presentation="0=NumericParameter;1=StringParameter;2=BooleanParameter"
                    classname="int" />
                <telegramfield name="Value" len="12" classname="java.lang.String" />
            </telegramarray>
            <telegramfield name="ErrorCode" len="4" classname="int" />
        </telegramtype>

        <telegramtype name="PRQ" description="AC -> AV: Parameterization Restore Report" classname="com.swisslog.wm6.crane.sis51.api.telegrams.Crane51PRQ">
            <telegramfield name="TelegramType" start="0" len="3" classname="java.lang.String" />
            <telegramfield name="CraneSis" len="12" presentation="SIS" classname="java.lang.String" />
        </telegramtype>

        <telegramtype name="COQ" description="AV -> AC: Commissioning Request" classname="com.swisslog.wm6.crane.sis51.api.telegrams.Crane51COQ">
            <telegramfield name="TelegramType" start="0" len="3" classname="java.lang.String" />
            <telegramfield name="CraneSis" len="12" presentation="SIS" classname="java.lang.String" />
            <telegramfield name="Code" len="1" presentation="1=FindX;2=FindY;3=StopHunting" classname="int" />
            <telegramfield name="StartPositionX" len="6" classname="int" />
            <telegramfield name="StartPositionY" len="6" classname="int" />
            <telegramfield name="EndPositionX" len="6" classname="int" />
            <telegramfield name="EndPositionY" len="6" classname="int" />
            <telegramfield name="Side" len="1" presentation="L=Left;R=Right" classname="java.lang.String" />
            <telegramfield name="HuntingSpeed" len="4" classname="int" />
        </telegramtype>

        <telegramtype name="COR" description="AC -> AV: Commissioning Report" classname="com.swisslog.wm6.crane.sis51.api.telegrams.Crane51COR">
            <telegramfield name="TelegramType" start="0" len="3" classname="java.lang.String" />
            <telegramfield name="CraneSis" len="12" presentation="SIS" classname="java.lang.String" />
            <telegramfield name="Code" len="1" presentation="1=FindX;2=FindY;3=StopHunting" classname="int" />
            <telegramfield name="NumberOfDatasets" len="2" classname="int" />
            <telegramarray name="DataSets" arraysize="NumberOfDatasets"
                classname="com.swisslog.wm6.crane.sis51.api.telegrams.CommissioningDataSet">
                <telegramfield name="PositionX" len="6" classname="int" />
                <telegramfield name="PositionY" len="6" classname="int" />
            </telegramarray>
            <telegramfield name="ErrorCode" len="4" classname="int" />
            <telegramfield name="Timestamp" len="19" classname="java.util.Date" />
        </telegramtype>

    </telegramset>
</WM6>
