<?xml version="1.0" encoding="UTF-8"?>
<WM6 xmlns="http://wm6.swisslog.com/schema/telegram" xmlns:xsi="http://www.w3.org/2001/XMLSchema-instance"
    xsi:schemaLocation="http://wm6.swisslog.com/schema/telegram http://wm6.swisslog.com/schema/telegram-1.1.xsd">
    <telegramset name="SIS510-LGCONV">

        <property key="PrefixLength" value="3" />

        <!-- ##### Normal Assignment telegrams: TTA, TTC, TTQ ##### -->

        <telegramtype name="TTA" description="AM -> AC - Transport Task Assignment" classname="com.swisslog.wm6.lgconveyor.sis51.api.telegrams.Conv51TTA">
            <telegramfield name="TelegramType" start="0" len="3" classname="java.lang.String" />
            <telegramfield name="ConveyorPosition" len="12" presentation="SIS" classname="java.lang.String" />
            <telegramfield name="TuDataIndex" len="4" classname="int" />
            <telegramfield name="MsgSequence" len="3" classname="int" />
            <telegramfield name="TuId" len="18" classname="long" />
            <telegramfield name="TuType" len="2" classname="int" />
            <telegramfield name="IoData" len="3" classname="int" />
            <telegramfield name="LowerLimit" len="7" classname="int" />
            <telegramfield name="UpperLimit" len="7" classname="int" />
            <telegramfield name="GroupInfo" len="4" classname="int" />
            <telegramfield name="Sequence" len="4" classname="int" />
            <telegramfield name="NumberInSequence" len="4" classname="int" />
            <telegramfield name="NumberOfDestinations" len="2" classname="int" />
            <telegramarray name="Destinations" arraysize="NumberOfDestinations" classname="java.lang.String">
                <telegramfield name="Destinations" len="12" presentation="SIS" classname="java.lang.String" />
            </telegramarray>
        </telegramtype>

        <telegramtype name="TTC" description="AC -> AM - Transport Task Complete" classname="com.swisslog.wm6.lgconveyor.sis51.api.telegrams.Conv51TTC">
            <telegramfield name="TelegramType" len="3" classname="java.lang.String" />
            <telegramfield name="ConveyorPosition" len="12" presentation="SIS" classname="java.lang.String" />
            <telegramfield name="TuDataIndex" len="4" classname="int" />
            <telegramfield name="MsgSequence" len="3" classname="int" />
            <telegramfield name="TuId" len="18" classname="long" />
            <telegramfield name="ErrorCode" len="4" classname="java.lang.String" />
        </telegramtype>

        <telegramtype name="TTQ" description="AC -> AM - Transport Task Request" classname="com.swisslog.wm6.lgconveyor.sis51.api.telegrams.Conv51TTQ">
            <telegramfield name="TelegramType" len="3" classname="java.lang.String" />
            <telegramfield name="ConveyorPosition" len="12" presentation="SIS" classname="java.lang.String" />
            <telegramfield name="TuDataIndex" len="4" classname="int" />
            <telegramfield name="MsgSequence" len="3" classname="int" />
            <telegramfield name="NumberOfTt" len="3" classname="int" />
            <telegramfield name="NumberOfTuIds" len="1" classname="int" />
            <telegramarray name="TuIdArray" arraysize="NumberOfTuIds" classname="java.lang.String">
                <telegramfield name="Destinations" len="18" classname="java.lang.String" />
            </telegramarray>
            <telegramfield name="ErrorCode" len="4" classname="java.lang.String" />
        </telegramtype>

        <!-- ##### Assignment correction telegrams: TDQ, TDR ##### -->

        <telegramtype name="TDQ" description="AM,AV -> AC - Task Delete Request" classname="com.swisslog.wm6.lgconveyor.sis51.api.telegrams.Conv51TDQ">
            <telegramfield name="TelegramType" len="3" classname="java.lang.String" />
            <telegramfield name="ConveyorPosition" len="12" classname="java.lang.String" />
            <telegramfield name="TuId" len="18" classname="long" />
            <telegramfield name="MsgSequence" len="3" classname="int" />
            <telegramfield name="Code" len="1" classname="boolean" />
        </telegramtype>


        <telegramtype name="TDR" description="AC -> AM,AV - Task Delete Report" classname="com.swisslog.wm6.lgconveyor.sis51.api.telegrams.Conv51TDR">
            <telegramfield name="TelegramType" len="3" classname="java.lang.String" />
            <telegramfield name="ConveyorPosition" len="12" presentation="SIS" classname="java.lang.String" />
            <telegramfield name="TuId" len="18" classname="long" />
            <telegramfield name="MsgSequence" len="3" classname="int" />
            <telegramfield name="ErrorCode" len="4" classname="java.lang.String" />
        </telegramtype>

        <!-- ##### Control telegrams: SCQ, SCR, GCQ, GCR, ECQ, ECR ##### -->

        <telegramtype name="SCQ" description="AM,AV -> AC - Subsystem Control Request" classname="com.swisslog.wm6.lgconveyor.sis51.api.telegrams.Conv51SCQ">
            <telegramfield name="TelegramType" len="3" classname="java.lang.String" />
            <telegramfield name="SubsystemName" len="12" classname="int" />
            <telegramfield name="Code" len="2"
                presentation="01=AknowledgeError;05=SetVariable;06=SetSpeed;10=AllDebugMessage;11=ErrorDebugMessage;12=WarningDebugMessage;13=InfoDebugMessage"
                classname="int" />
            <telegramfield name="Variable" len="4" classname="int" />
            <telegramfield name="SystemTime" len="19" classname="java.lang.Date" />
        </telegramtype>
        <telegramtype name="SCR" description="AC -> AM,AV - Subsystem Control Reply" classname="com.swisslog.wm6.lgconveyor.sis51.api.telegrams.Conv51SCR">
            <telegramfield name="TelegramType" len="3" classname="java.lang.String" />
            <telegramfield name="SubsystemName" len="12" presentation="SIS" classname="int" />
            <telegramfield name="Code" len="2"
                presentation="01=AknowledgeError;05=SetVariable;06=SetSpeed;10=AllDebugMessage;11=ErrorDebugMessage;12=WarningDebugMessage;13=InfoDebugMessage"
                classname="int" />
            <telegramfield name="Variable" len="4" classname="int" />
            <telegramfield name="ErrorCode" len="4" classname="java.lang.String" />
        </telegramtype>

        <telegramtype name="GCQ" description="AM,AV -> AC - Group Control Request" classname="com.swisslog.wm6.lgconveyor.sis51.api.telegrams.Conv51GCQ">
            <telegramfield name="TelegramType" len="3" classname="java.lang.String" />
            <telegramfield name="GroupName" len="12" presentation="SIS" classname="int" />
            <telegramfield name="Code" len="2"
                presentation="01=AknowledgeError;03=ChangeState;05=SetVariable;06=SetSpeed;10=AllDebugMessage;11=ErrorDebugMessage;12=WarningDebugMessage;13=InfoDebugMessage"
                classname="int" />
            <telegramfield name="Variable" len="4" classname="int" />
        </telegramtype>
        <telegramtype name="GCR" description="AC -> AM,AV - Group Control Reply" classname="com.swisslog.wm6.lgconveyor.sis51.api.telegrams.Conv51GCR">
            <telegramfield name="TelegramType" len="3" classname="java.lang.String" />
            <telegramfield name="GroupName" len="12" presentation="SIS" classname="int" />
            <telegramfield name="Code" len="2"
                presentation="01=AknowledgeError;03=ChangeState;05=SetVariable;06=SetSpeed;10=AllDebugMessage;11=ErrorDebugMessage;12=WarningDebugMessage;13=InfoDebugMessage"
                classname="int" />
            <telegramfield name="Variable" len="4" classname="int" />
            <telegramfield name="ErrorCode" len="4" classname="java.lang.String" />
        </telegramtype>

        <telegramtype name="ECQ" description="AM,AV -> AC - Element Control Request" classname="com.swisslog.wm6.lgconveyor.sis51.api.telegrams.Conv51ECQ">
            <telegramfield name="TelegramType" len="3" classname="java.lang.String" />
            <telegramfield name="ConveyorPosition" len="12" presentation="SIS" classname="java.lang.String" />
            <telegramfield name="Code" len="2"
                presentation="01=AknowledgeError;02=Initialize;04=Enable;05=SetVariable;06=SendACP;07=SendPOR;08=SendIPR;10=AllDebugMessage;11=ErrorDebugMessage;12=WarningDebugMessage;13=InfoDebugMessage"
                classname="int" />
            <telegramfield name="Variable" len="4" classname="int" />
        </telegramtype>
        <telegramtype name="ECR" description="AC -> AM,AV - Element Control Reply" classname="com.swisslog.wm6.lgconveyor.sis51.api.telegrams.Conv51ECR">
            <telegramfield name="TelegramType" len="3" classname="java.lang.String" />
            <telegramfield name="ConveyorPosition" len="12" presentation="SIS" classname="java.lang.String" />
            <telegramfield name="Code" len="2"
                presentation="01=AknowledgeError;02=Initialize;04=Enable;05=SetVariable;06=SendACP;07=SendPOR;08=SendIPR;10=AllDebugMessage;11=ErrorDebugMessage;12=WarningDebugMessage;13=InfoDebugMessage"
                classname="int" />
            <telegramfield name="Variable" len="4" classname="int" />
            <telegramfield name="ErrorCode" len="4" classname="java.lang.String" />
        </telegramtype>

        <!-- ##### Information telegrams: SSQ, SSR, GSQ, GSR, ERQ, ESR, TUQ, TUR, POR, IPR ##### -->

        <telegramtype name="SSQ" description="AM,AV -> AC - Subsystem Status Request" classname="com.swisslog.wm6.lgconveyor.sis51.api.telegrams.Conv51SSQ">
            <telegramfield name="TelegramType" len="3" classname="java.lang.String" />
            <telegramfield name="SubsystemName" len="12" classname="int" />
        </telegramtype>
        <telegramtype name="SSR" description="AC -> AM,AV - Subsystem Status Report" classname="com.swisslog.wm6.lgconveyor.sis51.api.telegrams.Conv51SSR">
            <telegramfield name="TelegramType" len="3" classname="java.lang.String" />
            <telegramfield name="SubsystemName" len="12" presentation="SIS" classname="int" />
            <telegramfield name="Mode" len="1" presentation="0=Unknown;1=Stopped;2=Running;3=Configuration;4=Emulation"
                classname="int" />
            <telegramfield name="ErrorState" len="1" presentation="0=Unknown;1=Operational;2=Warning;3=Error"
                classname="int" />
            <telegramfield name="ErrorCode" len="4" classname="java.lang.String" />
            <telegramfield name="ErrorType" len="1" presentation="0=NotPending;1=Info;2=Warning;3=Error"
                classname="int" />
            <telegramfield name="ErrorInformation" len="5" classname="java.lang.String" />
            <telegramfield name="Variable" len="4" classname="int" />
        </telegramtype>

        <telegramtype name="GSQ" description="AM,AV -> AC - Group Status Request" classname="com.swisslog.wm6.lgconveyor.sis51.api.telegrams.Conv51GSQ">
            <telegramfield name="TelegramType" len="3" classname="java.lang.String" />
            <telegramfield name="SwitchingGroup" len="12" classname="int" />
        </telegramtype>
        <telegramtype name="GSR" description="AC -> AM,AV - Group Status Report" classname="com.swisslog.wm6.lgconveyor.sis51.api.telegrams.Conv51GSR">
            <telegramfield name="TelegramType" len="3" classname="java.lang.String" />
            <telegramfield name="SwitchingGroup" len="12" presentation="SIS" classname="int" />
            <telegramfield name="Mode" len="1" presentation="0=Unknown;1=Off;2=Manual;3=Automatic"
                classname="int" />
            <telegramfield name="State" len="1" presentation="0=Unknown;1=Stopped;2=StartOn;3=AtStop;4=Running"
                classname="int" />
            <telegramfield name="ErrorState" len="1" presentation="0=Unknown;1=Operational;2=Warning;3=Error"
                classname="int" />
            <telegramfield name="ErrorCode" len="4" classname="java.lang.String" />
            <telegramfield name="ErrorType" len="1" presentation="0=NotPending;1=Info;2=Warning;3=Error"
                classname="int" />
            <telegramfield name="ErrorInformation" len="5" classname="java.lang.String" />
            <telegramfield name="Variable" len="4" classname="int" />
        </telegramtype>

        <telegramtype name="ERQ" description="AM,AV -> AC - Element Status Request" classname="com.swisslog.wm6.lgconveyor.sis51.api.telegrams.Conv51ERQ">
            <telegramfield name="TelegramType" len="3" classname="java.lang.String" />
            <telegramfield name="ConveyorPosition" len="12" presentation="SIS" classname="java.lang.String" />
        </telegramtype>
        <telegramtype name="ESR" description="AC -> AM,AV - Element Status Report" classname="com.swisslog.wm6.lgconveyor.sis51.api.telegrams.Conv51ESR">
            <telegramfield name="TelegramType" len="3" classname="java.lang.String" />
            <telegramfield name="ConveyorPosition" len="12" presentation="SIS" classname="java.lang.String" />
            <telegramfield name="PrevElementNo" len="12" presentation="SIS" classname="java.lang.String" />
            <telegramfield name="NextElementNo" len="12" presentation="SIS" classname="java.lang.String" />
            <telegramfield name="State" len="1" presentation="0=Stopped;1=Run" classname="boolean" />
            <telegramfield name="Enabled" len="1" presentation="0=Disabled;1=Enabled" classname="boolean" />
            <telegramfield name="TransferState" len="2"
                presentation="00=transferState_00;01=transferState_01;02=transferState_02;03=transferState_03;04=transferState_04;05=transferState_05;06=transferState_06;07=transferState_07;08=transferState_08;09=transferState_09;10=transferState_10;11=transferState_11;12=transferState_12"
                classname="int" />
            <telegramfield name="TakeOverState" len="2"
                presentation="00=overState_00;01=overState_01;02=overState_02;03=overState_03;04=overState_04;05=overState_05;06=overState_06;07=overState_07;08=overState_08;09=overState_09;10=overState_10;11=overState_11;12=overState_12;13=overState_13"
                classname="int" />
            <telegramfield name="HandOverState" len="2"
                presentation="00=overState_00;01=overState_01;02=overState_02;03=overState_03;04=overState_04;05=overState_05;06=overState_06;07=overState_07;08=overState_08;09=overState_09;10=overState_10;11=overState_11;12=overState_12;13=overState_13"
                classname="int" />
            <telegramfield name="ErrorState" len="1" presentation="0=Unknown;1=Operational;2=Warning;3=Error"
                classname="int" />
            <telegramfield name="TuId" len="18" classname="long" />
            <telegramfield name="TuType" len="2" classname="int" />
            <telegramfield name="LoadInformation" len="1" presentation="0=Unloaded;1=Loaded" classname="boolean" />
            <telegramfield name="Destination" len="12" presentation="SIS" classname="int" />
            <telegramfield name="ErrorCode" len="4" classname="java.lang.String" />
            <telegramfield name="ErrorType" len="1" presentation="0=NotPending;1=Info;2=Warning;3=Error"
                classname="int" />
            <telegramfield name="ErrorInformation" len="5" classname="java.lang.String" />
            <telegramfield name="Variable" len="4" classname="int" />
        </telegramtype>

        <telegramtype name="TUQ" description="AM,AV -> AC - Transport Unit Request" classname="com.swisslog.wm6.lgconveyor.sis51.api.telegrams.Conv51TUQ">
            <telegramfield name="TelegramType" len="3" classname="java.lang.String" />
            <telegramfield name="TuId" len="18" classname="long" />
        </telegramtype>
        <telegramtype name="TUR" description="AC -> AM,AV - Transport Unit Report" classname="com.swisslog.wm6.lgconveyor.sis51.api.telegrams.Conv51TUR">
            <telegramfield name="TelegramType" len="3" classname="java.lang.String" />
            <telegramfield name="ConveyorPosition" len="12" presentation="SIS" classname="java.lang.String" />
            <telegramfield name="TuId" len="18" classname="long" />
            <telegramfield name="TuType" len="2" classname="int" />
            <telegramfield name="IoData" len="3" classname="int" />
            <telegramfield name="LowerLimit" len="7" classname="int" />
            <telegramfield name="UpperLimit" len="7" classname="int" />
            <telegramfield name="GroupInfo" len="4" classname="int" />
            <telegramfield name="Sequence" len="4" classname="int" />
            <telegramfield name="NoInSequence" len="4" classname="int" />
            <telegramfield name="ErrorCode" len="4" classname="java.lang.String" />
            <telegramfield name="NoOfDestinations" len="2" classname="int" />
            <telegramarray name="DestinationArray" arraysize="NoOfDestinations"
                classname="com.swisslog.wm6.lgconveyor.sis51.api.telegrams.Conv51TURArrayDataStructure">
                <telegramfield name="Destination" len="12" presentation="SIS" classname="java.lang.String" />
            </telegramarray>
        </telegramtype>

        <telegramtype name="POR" description="AC -> AM,AV - Position Occupied Report" classname="com.swisslog.wm6.lgconveyor.sis51.api.telegrams.Conv51POR">
            <telegramfield name="TelegramType" len="3" classname="java.lang.String" />
            <telegramfield name="ConveyorPosition" len="12" presentation="SIS" classname="java.lang.String" />
            <telegramfield name="TuId" len="18" classname="long" />
            <telegramfield name="TuType" len="2" classname="int" />
            <telegramfield name="LoadInformation" len="1" presentation="0=Unloaded;1=Loaded" classname="boolean" />
            <telegramfield name="ErrorCode" len="4" classname="java.lang.String" />
        </telegramtype>

        <telegramtype name="IPR" description="AC -> AM - Identification Point Report" classname="com.swisslog.wm6.lgconveyor.sis51.api.telegrams.Conv51IPR">
            <telegramfield name="TelegramType" len="3" classname="java.lang.String" />
            <telegramfield name="ConveyorPosition" len="12" presentation="SIS" classname="java.lang.String" />
            <telegramfield name="TuDataIndex" len="4" classname="int" />
            <telegramfield name="MsgSequence" len="3" classname="int" />
            <telegramfield name="TuId" len="18" classname="long" />
            <telegramfield name="TuType" len="2" classname="int" />
            <telegramfield name="Height" len="1"
                presentation="1=ValidHeight;2=ValidHeight;3=ValidHeight;4=ValidHeight;5=ValidHeight;6=ValidHeight;7=ValidHeight;8=ValidHeight;9=NotMeasured"
                classname="int" />
            <telegramfield name="WidthRight" len="1"
                presentation="1=Ok;2=NotOk;3=ProjectSpecific;4=ProjectSpecific;5=ProjectSpecific;6=ProjectSpecific;7=ProjectSpecific;8=ProjectSpecific;9=NotMeasured"
                classname="int" />
            <telegramfield name="WidthLeft" len="1"
                presentation="1=Ok;2=NotOk;3=ProjectSpecific;4=ProjectSpecific;5=ProjectSpecific;6=ProjectSpecific;7=ProjectSpecific;8=ProjectSpecific;9=NotMeasured"
                classname="int" />
            <telegramfield name="LengthFront" len="1"
                presentation="1=Ok;2=NotOk;3=ProjectSpecific;4=ProjectSpecific;5=ProjectSpecific;6=ProjectSpecific;7=ProjectSpecific;8=ProjectSpecific;9=NotMeasured"
                classname="int" />
            <telegramfield name="LengthRear" len="1"
                presentation="1=Ok;2=NotOk;3=ProjectSpecific;4=ProjectSpecific;5=ProjectSpecific;6=ProjectSpecific;7=ProjectSpecific;8=ProjectSpecific;9=NotMeasured"
                classname="int" />
            <telegramfield name="Weight" len="7" classname="int" />
            <telegramfield name="Tunnel" len="1"
                presentation="1=Ok;2=NotOk;3=ProjectSpecific;4=ProjectSpecific;5=ProjectSpecific;6=ProjectSpecific;7=ProjectSpecific;8=ProjectSpecific;9=NotMeasured"
                classname="int" />
            <telegramfield name="Runner" len="1"
                presentation="1=Ok;2=NotOk;3=ProjectSpecific;4=ProjectSpecific;5=ProjectSpecific;6=ProjectSpecific;7=ProjectSpecific;8=ProjectSpecific;9=NotMeasured"
                classname="int" />
            <telegramfield name="ScannerError" len="4" classname="int" />
            <telegramfield name="LabelLength" len="3" classname="int" />
            <telegramfield name="Label" len="0" classname="java.lang.String" />
        </telegramtype>


        <!-- ##### Scanner telegrams: SNR, SIQ, SIR ##### -->

        <telegramtype name="SNR" description="AC -> AM,AV - Scanner No-read Report" classname="com.swisslog.wm6.lgconveyor.sis51.api.telegrams.Conv51SNR">
            <telegramfield name="TelegramType" len="3" classname="java.lang.String" />
            <telegramfield name="ConveyorPosition" len="12" presentation="SIS" classname="java.lang.String" />
            <telegramfield name="TuId" len="18" classname="long" />
            <telegramfield name="ErrorCode" len="4" classname="java.lang.String" />
        </telegramtype>

        <telegramtype name="SIQ" description="AM,AV -> AC - Scanner Information Request" classname="com.swisslog.wm6.lgconveyor.sis51.api.telegrams.Conv51SIQ">
            <telegramfield name="TelegramType" len="3" classname="java.lang.String" />
            <telegramfield name="ConveyorPosition" len="12" classname="java.lang.String" />
            <telegramfield name="Code" len="1" presentation="0=Request;1=RequestAll;2=RequestAndRest;3=UpdateStatistic"
                classname="int" />
        </telegramtype>
        <telegramtype name="SIR" description="AC -> AM,AV - Scanner Information Report" classname="com.swisslog.wm6.lgconveyor.sis51.api.telegrams.Conv51SIR">
            <telegramfield name="TelegramType" len="3" classname="java.lang.String" />
            <telegramfield name="ConveyorPosition" len="12" classname="java.lang.String" />
            <telegramfield name="Code" len="1" presentation="0=Request;1=RequestAll;2=RequestAndRest;3=UpdateStatistic"
                classname="int" />
            <telegramfield name="TuId" len="18" classname="long" />
            <telegramfield name="Mode" len="2" classname="int" />
            <telegramfield name="Counter1" len="6" classname="int" />
            <telegramfield name="Counter2" len="6" classname="int" />
            <telegramfield name="Counter3" len="6" classname="int" />
            <telegramfield name="Counter4" len="6" classname="int" />
            <telegramfield name="Counter5" len="6" classname="int" />
            <telegramfield name="ErrorCode" len="4" classname="java.lang.String" />
        </telegramtype>

        <!-- ##### Manual function telegrams: EMQ, EMR ##### -->

        <telegramtype name="EMQ" description="AV -> AC - Element Manual Request" classname="com.swisslog.wm6.lgconveyor.sis51.api.telegrams.Conv51EMQ">
            <telegramfield name="TelegramType" len="3" classname="java.lang.String" />
            <telegramfield name="ConveyorPosition" len="12" classname="java.lang.String" />
            <telegramfield name="Code" len="1" presentation="0=Report;1=Action;2=ActionAndReport"
                classname="int" />
            <telegramfield name="Speed" len="1" presentation="0=fast;1=slow" classname="boolean" />
            <telegramfield name="Axis1Forward" len="1" presentation="0=deselected;1=selected" classname="boolean" />
            <telegramfield name="Axis1Backward" len="1" presentation="0=deselected;1=selected" classname="boolean" />
            <telegramfield name="Axis2Forward" len="1" presentation="0=deselected;1=selected" classname="boolean" />
            <telegramfield name="Axis2Backward" len="1" presentation="0=deselected;1=selected" classname="boolean" />
            <telegramfield name="Axis3Forward" len="1" presentation="0=deselected;1=selected" classname="boolean" />
            <telegramfield name="Axis3Backward" len="1" presentation="0=deselected;1=selected" classname="boolean" />
            <telegramfield name="Axis4Forward" len="1" presentation="0=deselected;1=selected" classname="boolean" />
            <telegramfield name="Axis4Backward" len="1" presentation="0=deselected;1=selected" classname="boolean" />
            <telegramfield name="Axis5Forward" len="1" presentation="0=deselected;1=selected" classname="boolean" />
            <telegramfield name="Axis5Backward" len="1" presentation="0=deselected;1=selected" classname="boolean" />
            <telegramfield name="Axis6Forward" len="1" presentation="0=deselected;1=selected" classname="boolean" />
            <telegramfield name="Axis6Backward" len="1" presentation="0=deselected;1=selected" classname="boolean" />
        </telegramtype>

        <telegramtype name="EMR" description="AC -> AV - Element Manual Report" classname="com.swisslog.wm6.lgconveyor.sis51.api.telegrams.Conv51EMR">
            <telegramfield name="TelegramType" len="3" classname="java.lang.String" />
            <telegramfield name="TelegramFormat" len="2" classname="int" />
            <telegramfield name="ConveyorPosition" len="12" presentation="SIS" classname="java.lang.String" />
            <telegramfield name="ElementType" len="2" classname="int" />
            <telegramfield name="State" len="1" presentation="0=Stopped;1=Run;2=ManualSelection"
                classname="int" />
            <telegramfield name="Speed" len="1" presentation="0=fast;1=slow" classname="boolean" />
            <telegramfield name="Axis1Forward" len="1" presentation="0=deselected;1=selected" classname="boolean" />
            <telegramfield name="Axis1Backward" len="1" presentation="0=deselected;1=selected" classname="boolean" />
            <telegramfield name="Axis2Forward" len="1" presentation="0=deselected;1=selected" classname="boolean" />
            <telegramfield name="Axis2Backward" len="1" presentation="0=deselected;1=selected" classname="boolean" />
            <telegramfield name="Axis3Forward" len="1" presentation="0=deselected;1=selected" classname="boolean" />
            <telegramfield name="Axis3Backward" len="1" presentation="0=deselected;1=selected" classname="boolean" />
            <telegramfield name="Axis4Forward" len="1" presentation="0=deselected;1=selected" classname="boolean" />
            <telegramfield name="Axis4Backward" len="1" presentation="0=deselected;1=selected" classname="boolean" />
            <telegramfield name="Axis5Forward" len="1" presentation="0=deselected;1=selected" classname="boolean" />
            <telegramfield name="Axis5Backward" len="1" presentation="0=deselected;1=selected" classname="boolean" />
            <telegramfield name="Axis6Forward" len="1" presentation="0=deselected;1=selected" classname="boolean" />
            <telegramfield name="Axis6Backward" len="1" presentation="0=deselected;1=selected" classname="boolean" />
            <telegramfield name="ErrorState" len="1" presentation="0=Unknown;1=Operational;2=Warning;3=Error"
                classname="int" />
            <telegramfield name="ErrorCode" len="4" classname="java.lang.String" />
            <telegramfield name="ErrorType" len="1" presentation="0=NotPending;1=Info;2=Warning;3=Error"
                classname="boolean" />
            <telegramfield name="ErrorInformation" len="5" classname="int" />
        </telegramtype>


        <!-- ##### Auxiliary Information telegrams: SDI, DIQ, SDO, IRQ, ISR, MSG, GVQ, GVR, OIQ, OIR ##### -->

        <telegramtype name="SDI" description="AC -> AV - Send Digital Input" classname="com.swisslog.wm6.lgconveyor.sis51.api.telegrams.Conv51SDI">
            <telegramfield name="TelegramType" len="3" classname="java.lang.String" />
            <telegramfield name="SignalNumber" len="4" classname="int" />
            <telegramfield name="SignalState" len="1" classname="boolean" />
            <telegramfield name="ErrorCode" len="4" classname="java.lang.String" />
        </telegramtype>

        <telegramtype name="DIQ" description="AV -> AC - Digital Input Request" classname="com.swisslog.wm6.lgconveyor.sis51.api.telegrams.Conv51DIQ">
        </telegramtype>

        <telegramtype name="SDO" description="AM,AV -> AC - Set Digital Output" classname="com.swisslog.wm6.lgconveyor.sis51.api.telegrams.Conv51SDO">
            <telegramfield name="TelegramType" len="3" classname="java.lang.String" />
            <telegramfield name="SignalNumber" len="4" classname="int" />
            <telegramfield name="SignalState" len="1" classname="boolean" />
        </telegramtype>

        <telegramtype name="IRQ" description="AV -> AC - I/O Status Request" classname="com.swisslog.wm6.lgconveyor.sis51.api.telegrams.Conv51IRQ">
            <telegramfield name="TelegramType" len="3" classname="java.lang.String" />
            <telegramfield name="SignalType" len="1" presentation="0=inputs;1=outputs;2=positions"
                classname="int" />
            <telegramfield name="StartingSignalNumber" len="4" classname="int" />
            <telegramfield name="DataLength" len="2" classname="int" />
        </telegramtype>
        <telegramtype name="ISR" description="AC -> AV - I/O Status Report" classname="com.swisslog.wm6.lgconveyor.sis51.api.telegrams.Conv51ISR">
            <telegramfield name="TelegramType" len="3" classname="java.lang.String" />
            <telegramfield name="SignalType" len="1" presentation="0=inputs;1=outputs;2=positions"
                classname="int" />
            <telegramfield name="StartingSignalNumber" len="4" classname="int" />
            <telegramfield name="DataLength" len="2" classname="int" />
            <telegramfield name="Information" len="99" classname="String" />
        </telegramtype>
        <telegramtype name="MSG" description="ANY -> ANY - Auxiliary Message" classname="com.swisslog.wm6.lgconveyor.sis51.api.telegrams.Conv51MSG">
            <telegramfield name="TelegramType" len="3" classname="java.lang.String" />
            <telegramfield name="Subtype" len="3" classname="int" />
            <telegramfield name="Information" len="0" classname="java.lang.String" />
        </telegramtype>

        <telegramtype name="GVQ" description="AV -> AC - Global Variable Request" classname="com.swisslog.wm6.lgconveyor.sis51.api.telegrams.Conv51GVQ">
            <telegramfield name="TelegramType" len="3" classname="java.lang.String" />
            <telegramfield name="Code" len="1" presentation="0=ReportState;1=PerformAction;2=PerformActionAndReport"
                classname="int" />
            <telegramfield name="Number" len="4" classname="int" />
            <telegramfield name="Quantity" len="2" classname="int" />
            <telegramarray name="VariableArray" arraysize="10" classname="java.lang.Integer">
                <telegramfield name="Variable" len="6" presentation="SIS" classname="java.lang.Integer" />
            </telegramarray>
        </telegramtype>
        <telegramtype name="GVR" description="AC -> AV - Global Variable Report" classname="com.swisslog.wm6.lgconveyor.sis51.api.telegrams.Conv51GVR">
            <telegramfield name="TelegramType" len="3" classname="java.lang.String" />
            <telegramfield name="Number" len="4" classname="int" />
            <telegramfield name="Quantity" len="2" classname="int" />
            <telegramarray name="VariableArray" arraysize="10" classname="java.lang.Integer">
                <telegramfield name="Variable" len="6" presentation="SIS" classname="java.lang.Integer" />
            </telegramarray>
            <telegramfield name="ReturnCode" len="3" classname="java.lang.String" />
        </telegramtype>

        <telegramtype name="OIQ" description="AV -> AC - Object Info Request" classname="com.swisslog.wm6.lgconveyor.sis51.api.telegrams.Conv51OIQ">
            <telegramfield name="TelegramType" len="3" classname="java.lang.String" />
            <telegramfield name="Source" len="12" classname="int" />
            <telegramfield name="Code" len="1" classname="boolean" />
            <telegramfield name="UpdateType" len="1" classname="int" />
        </telegramtype>
        <telegramtype name="OIR" description="AC -> AV - Object Info Report" classname="com.swisslog.wm6.lgconveyor.sis51.api.telegrams.Conv51OIR">
            <telegramfield name="TelegramType" len="3" classname="java.lang.String" />
            <telegramfield name="Source" len="12" classname="int" />
            <telegramfield name="TimeStamp" len="19" classname="java.util.Date" />
            <telegramfield name="NumberOfDatasets" len="2" classname="int" />
            <telegramarray name="VariableArray" arraysize="NumberOfDatasets"
                classname="com.swisslog.wm6.lgconveyor.sis51.api.telegrams.Conv51OIRArrayDataStructure">
                <telegramfield name="Name" len="16" classname="long" />
                <telegramfield name="Value" len="6" classname="int" />
            </telegramarray>
        </telegramtype>

        <!-- ##### Statistics telegrams: PDQ, PDR, EDQ, EDR, MDQ, MDR, FDQ, FDR, ##### -->
        <telegramtype name="PDQ" description="AM,AV -> AC - Power Data Request" classname="com.swisslog.wm6.lgconveyor.sis51.api.telegrams.Conv51PDQ">
            <telegramfield name="TelegramType" len="3" classname="java.lang.String" />
            <telegramfield name="ConveyorPosition" len="12" classname="java.lang.String" />
            <telegramfield name="Code" len="1" presentation="0=RequestInformation;1=On;2=Off" classname="int" />
            <telegramfield name="Variable" len="4" classname="int" />
        </telegramtype>
        <telegramtype name="PDR" description="AC -> AV - Power Data Report" classname="com.swisslog.wm6.lgconveyor.sis51.api.telegrams.Conv51PDR">
            <telegramfield name="TelegramType" len="3" classname="java.lang.String" />
            <telegramfield name="ConveyorPosition" len="12" classname="java.lang.String" />
            <telegramfield name="TimeStamp" len="19" classname="java.util.Date" />
            <telegramfield name="Interval" len="4" classname="int" />
            <telegramarray name="DataSetArray" arraysize="10"
                classname="com.swisslog.wm6.lgconveyor.sis51.api.telegrams.Conv51PDRArrayDataStructure">
                <telegramfield name="DataSet" len="13" classname="int" />
            </telegramarray>
        </telegramtype>
        <telegramtype name="EDQ" description="AM,AV -> AC - Energy Data Request" classname="com.swisslog.wm6.lgconveyor.sis51.api.telegrams.Conv51EDQ">
            <telegramfield name="TelegramType" len="3" classname="java.lang.String" />
            <telegramfield name="ConveyorPosition" len="12" classname="java.lang.String" />
            <telegramfield name="Code" len="1" presentation="0=RequestInformation;1=On;2=Off" classname="int" />
            <telegramfield name="Variable" len="5" classname="int" />
        </telegramtype>
        <telegramtype name="EDR" description="AV -> AC - Energy Data Report" classname="com.swisslog.wm6.lgconveyor.sis51.api.telegrams.Conv51EDR">
            <telegramfield name="TelegramType" len="3" classname="java.lang.String" />
            <telegramfield name="ConveyorPosition" len="12" classname="java.lang.String" />
            <telegramfield name="TimeStamp" len="19" classname="java.util.Date" />
            <telegramfield name="Energy" len="5" classname="int" />
        </telegramtype>

        <telegramtype name="MDQ" description="AV -> AC - Maintenance Data Request" classname="com.swisslog.wm6.lgconveyor.sis51.api.telegrams.Conv51MDQ">
            <telegramfield name="TelegramType" len="3" classname="java.lang.String" />
            <telegramfield name="ConveyorPosition" len="12" classname="java.lang.String" />
            <telegramfield name="Code" len="1" presentation="0=RequestInformation;1=On;2=Off" classname="int" />
            <telegramfield name="Variable" len="5" classname="int" />
        </telegramtype>
        <telegramtype name="MDR" description="AV -> AC - Maintenance Data Report" classname="com.swisslog.wm6.lgconveyor.sis51.api.telegrams.Conv51MDR">
            <telegramfield name="TelegramType" len="3" classname="java.lang.String" />
            <telegramfield name="ConveyorPosition" len="12" classname="java.lang.String" />
            <telegramfield name="OperatingCyclesDevice1" len="4" classname="int" />
            <telegramfield name="OperatingCyclesDevice2" len="4" classname="int" />
            <telegramfield name="OperatingCyclesDevice3" len="4" classname="int" />
            <telegramfield name="OperatingCyclesDevice4" len="4" classname="int" />
        </telegramtype>

        <telegramtype name="FDQ" description="AM,AV -> AC - Flow Data Request" classname="com.swisslog.wm6.lgconveyor.sis51.api.telegrams.Conv51FDQ">
            <telegramfield name="TelegramType" len="3" classname="java.lang.String" />
            <telegramfield name="ConveyorPosition" len="12" classname="java.lang.String" />
            <telegramfield name="Code" len="1" classname="int" />
        </telegramtype>
        <telegramtype name="FDR" description="AC -> AV - Flow Data Report" classname="com.swisslog.wm6.lgconveyor.sis51.api.telegrams.Conv51FDR">
            <telegramfield name="TelegramType" len="3" classname="java.lang.String" />
            <telegramfield name="ConveyorPosition" len="12" classname="java.lang.String" />
            <telegramarray name="DataSetArray" arraysize="10"
                classname="com.swisslog.wm6.lgconveyor.sis51.api.telegrams.Conv51FDRDataSetArray">
                <telegramfield name="TimeStamp" len="13" classname="java.util.Date" />
                <telegramfield name="TuId" len="18" classname="long" />
                <telegramfield name="Direction" len="1" classname="int" />
            </telegramarray>
        </telegramtype>

        <!-- ##### Emulation telegrams: ATQ, ATR, RTQ, RMR, ERR ##### -->

        <telegramtype name="ATQ" description="AV -> AC - Add TU Request" classname="com.swisslog.wm6.lgconveyor.sis51.api.telegrams.Conv51ATQ">
            <telegramfield name="TelegramType" start="0" len="3" classname="java.lang.String" />
            <telegramfield name="ConveyorPosition" start="3" len="12" classname="java.lang.String" />
            <telegramfield name="Label" start="15" len="80" classname="java.lang.String" />
            <telegramfield name="Weight" start="95" len="5" classname="int" />
            <telegramfield name="Length" start="100" len="5" classname="int" />
            <telegramfield name="Width" start="105" len="5" classname="int" />
            <telegramfield name="Height" start="110" len="5" classname="int" />
        </telegramtype>
        <telegramtype name="ATR" description="AC -> AV - Add TU Report" classname="com.swisslog.wm6.lgconveyor.sis51.api.telegrams.Conv51ATR">
            <telegramfield name="TelegramType" start="0" len="3" classname="java.lang.String" />
            <telegramfield name="LocationName" start="3" len="12" presentation="SIS" classname="int" />
        </telegramtype>

        <telegramtype name="RTQ" description="AV -> AC - Remove TU Request" classname="com.swisslog.wm6.lgconveyor.sis51.api.telegrams.Conv51RTQ">
            <telegramfield name="TelegramType" start="0" len="3" classname="java.lang.String" />
            <telegramfield name="LocationName" start="3" len="12" classname="int" />
        </telegramtype>
        <telegramtype name="RMR" description="AC -> AV - Remove TU Report" classname="com.swisslog.wm6.lgconveyor.sis51.api.telegrams.Conv51RMR">
            <telegramfield name="TelegramType" start="0" len="3" classname="java.lang.String" />
            <telegramfield name="LocationName" start="3" len="12" presentation="SIS" classname="int" />
        </telegramtype>

        <telegramtype name="RTR" description="AC -> AV - Remove TU Report" classname="com.swisslog.wm6.lgconveyor.sis51.api.telegrams.Conv51RTR">
            <telegramfield name="TelegramType" start="0" len="3" classname="java.lang.String" />
            <telegramfield name="LocationName" start="3" len="12" presentation="SIS" classname="int" />
        </telegramtype>

        <telegramtype name="ERR" description="AC -> AV - Set/Reset Error" classname="com.swisslog.wm6.lgconveyor.sis51.api.telegrams.Conv51ERR">
            <telegramfield name="TelegramType" start="0" len="3" classname="java.lang.String" />
            <telegramfield name="SwitchingGroup" start="3" len="12" presentation="SIS" classname="java.lang.String" />
            <telegramfield name="SetError" start="15" len="1" classname="boolean" />
            <telegramfield name="ErrorId" start="16" len="4" classname="int" />
        </telegramtype>

        <telegramtype name="CON" description="JcomComponent -> AV connectionStatus" classname="com.swisslog.wm6.subsystem.api.telegrams.SubsystemCON">
            <telegramfield name="TelegramType" start="0" len="3" classname="java.lang.String" />
            <telegramfield name="Connected" start="3" len="1" presentation="0=disconnected;1=connected"
                classname="boolean" />
        </telegramtype>
    </telegramset>
</WM6>