<?xml version="1.0" encoding="UTF-8"?>
<WM6 xmlns="http://wm6.swisslog.com/schema/telegram" xmlns:xsi="http://www.w3.org/2001/XMLSchema-instance"
    xsi:schemaLocation="http://wm6.swisslog.com/schema/telegram http://wm6.swisslog.com/schema/telegram-1.1.xsd">
    <telegramset name="SIS60-LGCONV">

        <property key="PrefixLength" value="3" />

        <!-- ##### Normal Assignment telegrams: TTA, TTC, TTQ ##### -->

        <telegramtype name="TTA" description="AM -> AC - Transport Task Assignment" classname="com.swisslog.wm6.lgconveyor.sis51.api.telegrams.Conv60TTA">
            <telegramfield name="TelegramType" start="0" len="3" classname="java.lang.String" />
            <telegramfield name="ConveyorPosition" len="12" presentation="SIS" classname="java.lang.String" />
            <telegramfield name="TuDataIndex" len="6" classname="int" />
            <telegramfield name="MsgSequence" len="3" classname="int" />
            <telegramfield name="TuId" len="18" classname="long" />
            <telegramfield name="TuType" len="4" classname="int" />
			<telegramfield name="AssignmentID" len="8" classname="int" />
			<telegramfield name="Length" len="4" classname="int" />
			<telegramfield name="Width" len="4" classname="int" />
			<telegramfield name="Height" len="4" classname="int" />
			<telegramfield name="Weight" len="8" classname="int" />
			<telegramfield name="Orientation" len="3" classname="int" />
			<telegramfield name="TUParameter" len="4" classname="int" />
            <telegramfield name="IoData" len="3" classname="int" />
            <telegramfield name="LowerLimit" len="8" classname="int" />
            <telegramfield name="UpperLimit" len="8" classname="int" />
            <telegramfield name="GroupInfo" len="4" classname="int" />
            <telegramfield name="Sequence" len="4" classname="int" />
            <telegramfield name="NumberInSequence" len="4" classname="int" />
            <telegramfield name="NumberOfDestinations" len="2" classname="int" />
            <telegramarray name="Destinations" arraysize="NumberOfDestinations" classname="java.lang.String">
                <telegramfield name="Destinations" len="12" presentation="SIS" classname="java.lang.String" />
            </telegramarray>
        </telegramtype>

        <telegramtype name="TTC" description="AC -> AM - Transport Task Complete" classname="com.swisslog.wm6.lgconveyor.sis51.api.telegrams.Conv60TTC">
            <telegramfield name="TelegramType" len="3" classname="java.lang.String" />
            <telegramfield name="ConveyorPosition" len="12" presentation="SIS" classname="java.lang.String" />
            <telegramfield name="TuDataIndex" len="6" classname="int" />
            <telegramfield name="MsgSequence" len="3" classname="int" />
            <telegramfield name="TuId" len="18" classname="long" />
			<telegramfield name="AssignmentID" len="8" classname="int" />
            <telegramfield name="ReturnCode" len="4" classname="java.lang.String" />
        </telegramtype>

        <telegramtype name="TTQ" description="AC -> AM - Transport Task Request" classname="com.swisslog.wm6.lgconveyor.sis51.api.telegrams.Conv60TTQ">
            <telegramfield name="TelegramType" len="3" classname="java.lang.String" />
            <telegramfield name="ConveyorPosition" len="12" presentation="SIS" classname="java.lang.String" />
            <telegramfield name="TuDataIndex" len="6" classname="int" />
			<telegramfield name="TuId" len="18" classname="long" />
            <telegramfield name="NumberOfTT" len="3" classname="int" />
			<telegramfield name="Label" len="20" classname="java.lang.String" />

        </telegramtype>

        <!-- ##### Assignment correction telegrams: TDQ, TDR ##### -->

        <telegramtype name="TDQ" description="AM,AV -> AC - Task Delete Request" classname="com.swisslog.wm6.lgconveyor.sis51.api.telegrams.Conv60TDQ">
            <telegramfield name="TelegramType" len="3" classname="java.lang.String" />
            <telegramfield name="ConveyorPosition" len="12" classname="java.lang.String" />
            <telegramfield name="TuId" len="18" classname="long" />
			<telegramfield name="AssignmentID" len="8" classname="int" />
            <telegramfield name="MsgSequence" len="3" classname="int" />
            <telegramfield name="Code" len="1" classname="boolean" />
        </telegramtype>


        <telegramtype name="TDR" description="AC -> AM,AV - Task Delete Report" classname="com.swisslog.wm6.lgconveyor.sis51.api.telegrams.Conv60TDR">
            <telegramfield name="TelegramType" len="3" classname="java.lang.String" />
            <telegramfield name="ConveyorPosition" len="12" presentation="SIS" classname="java.lang.String" />
            <telegramfield name="TuId" len="18" classname="long" />
			<telegramfield name="AssignmentID" len="8" classname="int" />
            <telegramfield name="MsgSequence" len="3" classname="int" />
            <telegramfield name="ReturnCode" len="4" classname="java.lang.String" />
        </telegramtype>

		<!-- ##### Robot telegrams ##### -->
        <telegramtype name="RAA" description="AC -> AM,AV - Robot Task Assignment" classname="com.swisslog.wm6.lgconveyor.sis51.api.telegrams.Conv60TDR">
            <telegramfield name="TelegramType" len="3" classname="java.lang.String" />
            <telegramfield name="Position" len="12" presentation="SIS" classname="java.lang.String" />
            <telegramfield name="CommandDataIndex" len="4" classname="long" />
			<telegramfield name="CommandPriority" len="1" classname="int" />
            <telegramfield name="AssignmentID" len="8" classname="int" />
			<telegramfield name="CommandSequenceIndex" len="4" classname="int" />
			<telegramfield name="CommandSequenceSize" len="4" classname="int" />
			<telegramfield name="CommandArgsCount" len="2" classname="int" />
			<telegramarray name="CommandArgs" arraysize="CommandArgsCount"
                classname="com.swisslog.wm6.lgconveyor.sis51.api.telegrams.Conv60VIRArrayDataStructure">
                <telegramfield name="Key" len="32" presentation="Name" classname="java.lang.String" />
				<telegramfield name="Value" len="32" presentation="Value" classname="java.lang.String" />
            </telegramarray>
            <telegramfield name="RobotCommand" len="20000" classname="java.lang.String" />
        </telegramtype>
		
        <telegramtype name="RAC" description="AC -> AM,AV - Robot Assignment Complete" classname="com.swisslog.wm6.lgconveyor.sis51.api.telegrams.Conv60TDR">
            <telegramfield name="TelegramType" len="3" classname="java.lang.String" />
            <telegramfield name="Position" len="12" presentation="SIS" classname="java.lang.String" />
            <telegramfield name="CommandDataIndex" len="4" classname="long" />
			<telegramfield name="AssignmentID" len="8" classname="int" />
            <telegramfield name="CommandSequenceIndex" len="4" classname="int" />
			<telegramfield name="ReturnCode" len="4" classname="int" />

        </telegramtype>
		
		<telegramtype name="RDQ" description="AC -> AM,AV - Robot Delete Request" classname="com.swisslog.wm6.lgconveyor.sis51.api.telegrams.Conv60TDR">
            <telegramfield name="TelegramType" len="3" classname="java.lang.String" />
            <telegramfield name="Position" len="12" presentation="SIS" classname="java.lang.String" />
            <telegramfield name="CommandDataIndex" len="4" classname="long" />
			<telegramfield name="AssignmentID" len="8" classname="int" />
            <telegramfield name="CommandSequenceIndex" len="4" classname="int" />
			<telegramfield name="Code" len="1" classname="int" />

        </telegramtype>
		
		<telegramtype name="RDR" description="AC -> AM,AV - Robot Delete Report" classname="com.swisslog.wm6.lgconveyor.sis51.api.telegrams.Conv60TDR">
            <telegramfield name="TelegramType" len="3" classname="java.lang.String" />
            <telegramfield name="Position" len="12" presentation="SIS" classname="java.lang.String" />
            <telegramfield name="CommandDataIndex" len="4" classname="long" />
			<telegramfield name="AssignmentID" len="8" classname="int" />
            <telegramfield name="CommandSequenceIndex" len="4" classname="int" />
			<telegramfield name="ReturnCode" len="4" classname="int" />

        </telegramtype>
        <!-- ##### Control telegrams: SCQ, SCR, GCQ, GCR, ECQ, ECR ##### -->

        <telegramtype name="SCQ" description="AM,AV -> AC - Subsystem Control Request" classname="com.swisslog.wm6.lgconveyor.sis51.api.telegrams.Conv60SCQ">
            <telegramfield name="TelegramType" len="3" classname="java.lang.String" />
            <telegramfield name="SubsystemName" len="12" classname="int" />
            <telegramfield name="Code" len="2"
                presentation="00=NoCode;01=AknowledgeError;05=SetVariable;06=SetSpeed;07=UpdateSystemTime;08=StatusRequestallPositions;"
                classname="int" />
            <telegramfield name="Variable" len="8" classname="int" />
            <telegramfield name="SystemTime" len="19" classname="java.lang.Date" />
        </telegramtype>
        <telegramtype name="SCR" description="AC -> AM,AV - Subsystem Control Reply" classname="com.swisslog.wm6.lgconveyor.sis51.api.telegrams.Conv60SCR">
            <telegramfield name="TelegramType" len="3" classname="java.lang.String" />
            <telegramfield name="SubsystemName" len="12" presentation="SIS" classname="int" />
            <telegramfield name="Code" len="2"
                presentation="00=NoCode;01=AknowledgeError;05=SetVariable;06=SetSpeed;07=UpdateSystemTime;08=StatusRequestallPositions;"
                classname="int" />
            <telegramfield name="Variable" len="8" classname="int" />
            <telegramfield name="ReturnCode" len="4" classname="java.lang.String" />
        </telegramtype>

        <telegramtype name="GCQ" description="AM,AV -> AC - Group Control Request" classname="com.swisslog.wm6.lgconveyor.sis51.api.telegrams.Conv60GCQ">
            <telegramfield name="TelegramType" len="3" classname="java.lang.String" />
            <telegramfield name="GroupName" len="12" presentation="SIS" classname="int" />
            <telegramfield name="Code" len="2"
                presentation="00=NoCode;01=AknowledgeError;03=ChangeState;05=SetVariable"
                classname="int" />
            <telegramfield name="Variable" len="8" classname="int" />
        </telegramtype>
        <telegramtype name="GCR" description="AC -> AM,AV - Group Control Reply" classname="com.swisslog.wm6.lgconveyor.sis51.api.telegrams.Conv60GCR">
            <telegramfield name="TelegramType" len="3" classname="java.lang.String" />
            <telegramfield name="GroupPosition" len="12" presentation="SIS" classname="int" />
            <telegramfield name="Code" len="2"
                presentation="00=NoCode;01=AknowledgeError;03=ChangeState;05=SetVariable"
                classname="int" />
            <telegramfield name="Variable" len="8" classname="int" />
            <telegramfield name="ReturnCode" len="4" classname="java.lang.String" />
        </telegramtype>

        <telegramtype name="ECQ" description="AM,AV -> AC - Element Control Request" classname="com.swisslog.wm6.lgconveyor.sis51.api.telegrams.Conv60ECQ">
            <telegramfield name="TelegramType" len="3" classname="java.lang.String" />
            <telegramfield name="ConveyorPosition" len="12" presentation="SIS" classname="java.lang.String" />
            <telegramfield name="Code" len="2"
                presentation="00=NoCode;01=AknowledgeError;02=Initialize;04=Enable;05=SetVariable;20=SetError"
                classname="int" />
            <telegramfield name="Variable" len="8" classname="int" />
        </telegramtype>
        <telegramtype name="ECR" description="AC -> AM,AV - Element Control Reply" classname="com.swisslog.wm6.lgconveyor.sis51.api.telegrams.Conv60ECR">
            <telegramfield name="TelegramType" len="3" classname="java.lang.String" />
            <telegramfield name="ConveyorPosition" len="12" presentation="SIS" classname="java.lang.String" />
            <telegramfield name="Code" len="2"
                presentation="00=NoCode;01=AknowledgeError;02=Initialize;04=Enable;05=SetVariable;20=SetError"
                classname="int" />
            <telegramfield name="Variable" len="8" classname="int" />
            <telegramfield name="ReturnCode" len="4" classname="java.lang.String" />
        </telegramtype>
		
		<telegramtype name="FCQ" description="AM,AV -> AC - Function Control Request" classname="com.swisslog.wm6.lgconveyor.sis51.api.telegrams.Conv60ECQ">
            <telegramfield name="TelegramType" len="3" classname="java.lang.String" />
            <telegramfield name="FunctionPosition" len="12" presentation="SIS" classname="java.lang.String" />
            <telegramfield name="Code" len="2"
                presentation="00=NoCode;01=AknowledgeError;02=Initialize;04=Enable;05=SetVariable;20=SetError"
                classname="int" />
            <telegramfield name="Variable" len="8" classname="int" />
        </telegramtype>
        <telegramtype name="FCR" description="AC -> AM,AV - Function Control Reply" classname="com.swisslog.wm6.lgconveyor.sis51.api.telegrams.Conv60ECR">
            <telegramfield name="TelegramType" len="3" classname="java.lang.String" />
            <telegramfield name="FunctionPosition" len="12" presentation="SIS" classname="java.lang.String" />
            <telegramfield name="Code" len="2"
                presentation="00=NoCode;01=AknowledgeError;02=Initialize;04=Enable;05=SetVariable;20=SetError"
                classname="int" />
            <telegramfield name="Variable" len="8" classname="int" />
            <telegramfield name="ReturnCode" len="4" classname="java.lang.String" />
        </telegramtype>

		
		       <!-- ##### Manual function telegrams: EMQ, EMR ##### -->

        <telegramtype name="MCQ" description="AV -> AC - Manual Control Request" classname="com.swisslog.wm6.lgconveyor.sis51.api.telegrams.Conv60MCQ">
            <telegramfield name="TelegramType" len="3" classname="java.lang.String" />
            <telegramfield name="Position" len="12" classname="java.lang.String" />
            <telegramfield name="Code" len="1" presentation="0=Report;1=Action;2=ActionAndReport"
                classname="int" />
            <telegramfield name="Speed" len="1" presentation="0=fast;1=slow" classname="boolean" />
            <telegramfield name="Axis1Forward" len="1" presentation="0=deselected;1=selected" classname="boolean" />
            <telegramfield name="Axis1Backward" len="1" presentation="0=deselected;1=selected" classname="boolean" />
            <telegramfield name="Axis2Forward" len="1" presentation="0=deselected;1=selected" classname="boolean" />
            <telegramfield name="Axis2Backward" len="1" presentation="0=deselected;1=selected" classname="boolean" />
            <telegramfield name="Axis3Forward" len="1" presentation="0=deselected;1=selected" classname="boolean" />
            <telegramfield name="Axis3Backward" len="1" presentation="0=deselected;1=selected" classname="boolean" />
            <telegramfield name="Axis4Forward" len="1" presentation="0=deselected;1=selected" classname="boolean" />
            <telegramfield name="Axis4Backward" len="1" presentation="0=deselected;1=selected" classname="boolean" />
            <telegramfield name="Axis5Forward" len="1" presentation="0=deselected;1=selected" classname="boolean" />
            <telegramfield name="Axis5Backward" len="1" presentation="0=deselected;1=selected" classname="boolean" />
            <telegramfield name="Axis6Forward" len="1" presentation="0=deselected;1=selected" classname="boolean" />
            <telegramfield name="Axis6Backward" len="1" presentation="0=deselected;1=selected" classname="boolean" />
			<telegramfield name="Button1" len="1" presentation="0=deselected;1=selected" classname="boolean" />
            <telegramfield name="Button2" len="1" presentation="0=deselected;1=selected" classname="boolean" />
        </telegramtype>

        <telegramtype name="MCR" description="AC -> AV - Element Manual Report" classname="com.swisslog.wm6.lgconveyor.sis51.api.telegrams.Conv60MCR">
            <telegramfield name="TelegramType" len="3" classname="java.lang.String" />
            <telegramfield name="Position" len="12" presentation="SIS" classname="java.lang.String" />
			<telegramfield name="Code" len="1" presentation="0=Report;1=Action;2=ActionAndReport"
                classname="int" />
            <telegramfield name="Mode" len="1" presentation="0=Unknown;1=Off;2=Manual;3=Automatic;4=SemiAutomatic"
                classname="int" />
            <telegramfield name="Speed" len="1" presentation="0=Disabled;1=slow;2=fast" classname="int" />
            <telegramfield name="Axis1Forward" len="1" presentation="0=Disabled;1=slow;2=fast" classname="int" />
            <telegramfield name="Axis1Backward" len="1" presentation="0=Disabled;1=slow;2=fast" classname="int" />
            <telegramfield name="Axis2Forward" len="1" presentation="0=Disabled;1=slow;2=fast" classname="int" />
            <telegramfield name="Axis2Backward" len="1" presentation="0=Disabled;1=slow;2=fast" classname="int" />
            <telegramfield name="Axis3Forward" len="1" presentation="0=Disabled;1=slow;2=fast" classname="int" />
            <telegramfield name="Axis3Backward" len="1" presentation="0=Disabled;1=slow;2=fast" classname="int" />
            <telegramfield name="Axis4Forward" len="1" presentation="0=Disabled;1=slow;2=fast" classname="int" />
            <telegramfield name="Axis4Backward" len="1" presentation="0=Disabled;1=slow;2=fast" classname="int" />
            <telegramfield name="Axis5Forward" len="1" presentation="0=Disabled;1=slow;2=fast" classname="int" />
            <telegramfield name="Axis5Backward" len="1" presentation="0=Disabled;1=slow;2=fast" classname="int" />
            <telegramfield name="Axis6Forward" len="1" presentation="0=Disabled;1=slow;2=fast" classname="int" />
            <telegramfield name="Axis6Backward" len="1" presentation="0=Disabled;1=slow;2=fast" classname="int" />
			<telegramfield name="Button1" len="1" presentation="0=Disabled;1=slow;2=fast" classname="int" />
            <telegramfield name="Button2" len="1" presentation="0=Disabled;1=slow;2=fast" classname="int" />
            <telegramfield name="ReturnCode" len="4" classname="java.lang.String" />
        </telegramtype>
		
		
		
		
		
		
        <!-- ##### Information telegrams: SSQ, SSR, GSQ, GSR, ERQ, ESR, TUQ, TUR, POR, IPR ##### -->

        <telegramtype name="SSQ" description="AM,AV -> AC - Subsystem Status Request" classname="com.swisslog.wm6.lgconveyor.sis51.api.telegrams.Conv60SSQ">
            <telegramfield name="TelegramType" len="3" classname="java.lang.String" />
            <telegramfield name="SubsystemName" len="12" classname="int" />
        </telegramtype>
		
        <telegramtype name="SSR" description="AC -> AM,AV - Subsystem Status Report" classname="com.swisslog.wm6.lgconveyor.sis51.api.telegrams.Conv60SSR">
            <telegramfield name="TelegramType" len="3" classname="java.lang.String" />
            <telegramfield name="SubsystemPosition" len="12" presentation="SIS" classname="int" />
            <telegramfield name="Mode" len="1" presentation="0=Unknown;1=Off;2=Manual;3=Automatic;4=SemiAutomatic"
                classname="int" />
            <telegramfield name="State" len="1" presentation="0=Unknown;1=Stopped;2=Starting;3=Stopping;4=Started"
                classname="int" />
			<telegramfield name="SystemInfo" len="1" presentation="0=NoInfo;1=Restarted;2=TimeUpdateRequired"
                classname="int" />
            <telegramfield name="ErrorState" len="1" presentation="0=Unknown;1=Operational;2=Warning;3=Error"
                classname="int" />
            <telegramfield name="ErrorCode" len="4" classname="java.lang.String" />
            <telegramfield name="ErrorType" len="1" presentation="0=NoError;1=Info;2=Warning;3=Error"
                classname="int" />
            <telegramfield name="ErrorInformation" len="50" classname="java.lang.String" />
            <telegramfield name="Variable" len="8" classname="int" />
			<telegramfield name="ReturnCode" len="4" classname="java.lang.String" />
        </telegramtype>

        <telegramtype name="GSQ" description="AM,AV -> AC - Group Status Request" classname="com.swisslog.wm6.lgconveyor.sis51.api.telegrams.Conv60GSQ">
            <telegramfield name="TelegramType" len="3" classname="java.lang.String" />
            <telegramfield name="GroupPosition" len="12" classname="int" />
        </telegramtype>
        <telegramtype name="GSR" description="AC -> AM,AV - Group Status Report" classname="com.swisslog.wm6.lgconveyor.sis51.api.telegrams.Conv60GSR">
            <telegramfield name="TelegramType" len="3" classname="java.lang.String" />
            <telegramfield name="GroupPosition" len="12" presentation="SIS" classname="int" />
            <telegramfield name="Mode" len="1" presentation="0=Unknown;1=Off;2=Manual;3=Automatic;4=SemiAutomatic"
                classname="int" />
            <telegramfield name="State" len="1" presentation="0=Unknown;1=Stopped;2=Starting;3=Stopping;4=Started"
                classname="int" />
            <telegramfield name="ErrorState" len="1" presentation="0=Unknown;1=Operational;2=Warning;3=Error"
                classname="int" />
            <telegramfield name="ErrorCode" len="4" classname="java.lang.String" />
            <telegramfield name="ErrorType" len="1" presentation="0=NotPending;1=Info;2=Warning;3=Error"
                classname="int" />
            <telegramfield name="ErrorInformation" len="50" classname="java.lang.String" />
            <telegramfield name="Variable" len="8" classname="int" />
			<telegramfield name="ReturnCode" len="4" classname="java.lang.String" />
        </telegramtype>

        <telegramtype name="ESQ" description="AM,AV -> AC - Element Status Request" classname="com.swisslog.wm6.lgconveyor.sis51.api.telegrams.Conv60ESQ">
            <telegramfield name="TelegramType" len="3" classname="java.lang.String" />
            <telegramfield name="ConveyorPosition" len="12" presentation="SIS" classname="java.lang.String" />
        </telegramtype>
        <telegramtype name="ESR" description="AC -> AM,AV - Element Status Report" classname="com.swisslog.wm6.lgconveyor.sis51.api.telegrams.Conv60ESR">
            <telegramfield name="TelegramType" len="3" classname="java.lang.String" />
            <telegramfield name="ElementPosition" len="12" presentation="SIS" classname="java.lang.String" />
            <telegramfield name="State" len="1" presentation="0=Unknown;1=Stopped;2=Starting;3=Stopping;4=Started" classname="int" />
            <telegramfield name="Enable" len="1" presentation="0=Disabled;1=Enabled" classname="boolean" />
            <telegramfield name="ErrorState" len="1" presentation="0=Unknown;1=Operational;2=Warning;3=Error"
                classname="int" />
			<telegramfield name="ErrorCode" len="4" classname="java.lang.String" />
            <telegramfield name="ErrorType" len="1" presentation="0=NotPending;1=Info;2=Warning;3=Error"
                classname="int" />
            <telegramfield name="ErrorInformation" len="50" classname="java.lang.String" />
            <telegramfield name="Variable" len="8" classname="int" />
			<telegramfield name="ReturnCode" len="4" classname="java.lang.String" />
        </telegramtype>

		
		<telegramtype name="FSQ" description="AM,AV -> AC - Function Status Request" classname="com.swisslog.wm6.lgconveyor.sis51.api.telegrams.Conv60FSQ">
            <telegramfield name="TelegramType" len="3" classname="java.lang.String" />
            <telegramfield name="FunctionPosition" len="12" presentation="SIS" classname="java.lang.String" />
        </telegramtype>
        <telegramtype name="FSR" description="AC -> AM,AV - Function Status Report" classname="com.swisslog.wm6.lgconveyor.sis51.api.telegrams.Conv60FSR">
            <telegramfield name="TelegramType" len="3" classname="java.lang.String" />
            <telegramfield name="Position" len="12" presentation="SIS" classname="java.lang.String" />
            <telegramfield name="PrevPositionNo" len="12" presentation="SIS" classname="java.lang.String" />
            <telegramfield name="NextPositionNo" len="12" presentation="SIS" classname="java.lang.String" />
            <telegramfield name="State" len="1" presentation="0=Unknown;1=Stopped;2=Starting;3=Stopping;4=Started" classname="int" />
            <telegramfield name="Enable" len="1" presentation="0=Disabled;1=Enabled" classname="boolean" />
            <telegramfield name="TransferState" len="2"
                presentation=""
                classname="int" />
            <telegramfield name="TakeOverState" len="2"
                presentation="00=overState_00;01=overState_01;02=overState_02;03=overState_03;04=overState_04;05=overState_05;06=overState_06;07=overState_07;08=overState_08;09=overState_09;10=overState_10;11=overState_11;12=overState_12;13=overState_13"
                classname="int" />
            <telegramfield name="HandOverState" len="2"
                presentation="00=overState_00;01=overState_01;02=overState_02;03=overState_03;04=overState_04;05=overState_05;06=overState_06;07=overState_07;08=overState_08;09=overState_09;10=overState_10;11=overState_11;12=overState_12;13=overState_13"
                classname="int" />
            <telegramfield name="TuId" len="18" classname="long" />
            <telegramfield name="TuType" len="4" classname="int" />
			<telegramfield name="AssignmentID" len="8" classname="int" />
            <telegramfield name="LoadInformation" len="1" presentation="0=Unloaded;1=Loaded" classname="boolean" />
            <telegramfield name="Destination" len="12" presentation="SIS" classname="int" />
            <telegramfield name="ErrorState" len="1" presentation="0=Unknown;1=Operational;2=Warning;3=Error"
                classname="int" />
            <telegramfield name="ErrorCode" len="4" classname="java.lang.String" />
            <telegramfield name="ErrorType" len="1" presentation="0=NotPending;1=Info;2=Warning;3=Error"
                classname="int" />
            <telegramfield name="ErrorInformation" len="50" classname="java.lang.String" />
            <telegramfield name="Variable" len="8" classname="int" />
			<telegramfield name="ReturnCode" len="4" classname="java.lang.String" />
        </telegramtype>
		
        <telegramtype name="TUQ" description="AM,AV -> AC - Transport Unit Request" classname="com.swisslog.wm6.lgconveyor.sis51.api.telegrams.Conv60TUQ">
            <telegramfield name="TelegramType" len="3" classname="java.lang.String" />
            <telegramfield name="TuId" len="18" classname="long" />
			<telegramfield name="AssignmentID" len="8" classname="int" />
        </telegramtype>
		
        <telegramtype name="TUR" description="AC -> AM,AV - Transport Unit Report" classname="com.swisslog.wm6.lgconveyor.sis51.api.telegrams.Conv60TUR">
            <telegramfield name="TelegramType" len="3" classname="java.lang.String" />
            <telegramfield name="ConveyorPosition" len="12" presentation="SIS" classname="java.lang.String" />
			 <telegramfield name="TuDataIndex" len="6" classname="long" />
            <telegramfield name="TuId" len="18" classname="long" />
            <telegramfield name="TuType" len="4" classname="int" />
			<telegramfield name="AssignmentID" len="8" classname="int" />
			<telegramfield name="Length" len="4" classname="int" />
			<telegramfield name="Width" len="4" classname="int" />
			<telegramfield name="Height" len="4" classname="int" />
			<telegramfield name="Weight" len="8" classname="int" />
			<telegramfield name="Orientation" len="3" classname="int" />
			<telegramfield name="TUParameter" len="4" classname="int" />
            <telegramfield name="IoData" len="3" classname="int" />
            <telegramfield name="LowerLimit" len="8" classname="int" />
            <telegramfield name="UpperLimit" len="8" classname="int" />
            <telegramfield name="GroupInfo" len="4" classname="int" />
            <telegramfield name="Sequence" len="4" classname="int" />
            <telegramfield name="NoInSequence" len="4" classname="int" />
            <telegramfield name="ReturnCode" len="4" classname="java.lang.String" />
            <telegramfield name="NoOfDestinations" len="2" classname="int" />
            <telegramarray name="DestinationArray" arraysize="NoOfDestinations"
                classname="com.swisslog.wm6.lgconveyor.sis51.api.telegrams.Conv60TURArrayDataStructure">
                <telegramfield name="Destination" len="12" presentation="SIS" classname="java.lang.String" />
            </telegramarray>
        </telegramtype>

        <telegramtype name="POR" description="AC -> AM,AV - Position Occupied Report" classname="com.swisslog.wm6.lgconveyor.sis51.api.telegrams.Conv60POR">
            <telegramfield name="TelegramType" len="3" classname="java.lang.String" />
            <telegramfield name="ConveyorPosition" len="12" presentation="SIS" classname="java.lang.String" />
            <telegramfield name="TuId" len="18" classname="long" />
            <telegramfield name="TuType" len="4" classname="int" />
			<telegramfield name="AssignmentID" len="8" classname="int" />
            <telegramfield name="LoadInformation" len="1" presentation="0=Unloaded;1=Loaded" classname="boolean" />
        </telegramtype>

        <telegramtype name="IPR" description="AC -> AM - Identification Point Report" classname="com.swisslog.wm6.lgconveyor.sis51.api.telegrams.Conv60IPR">
            <telegramfield name="TelegramType" len="3" classname="java.lang.String" />
            <telegramfield name="ConveyorPosition" len="12" presentation="SIS" classname="java.lang.String" />
            <telegramfield name="TuDataIndex" len="6" classname="int" />
            <telegramfield name="MsgSequence" len="3" classname="int" />
            <telegramfield name="TuId" len="18" classname="long" />
            <telegramfield name="TuType" len="4" classname="int" />
			<telegramfield name="AssignmentID" len="8" classname="int" />
            <telegramfield name="Height" len="4" />
            <telegramfield name="WidthRight" len="4"/>
            <telegramfield name="WidthLeft" len="4"/>
            <telegramfield name="LengthFront" len="4"/>
            <telegramfield name="LengthRear" len="4" />
            <telegramfield name="Weight" len="8" classname="int" />
            <telegramfield name="Tunnel" len="1"/>
            <telegramfield name="Runner" len="1"/>
            <telegramfield name="ErrorCode" len="4" classname="int" />
            <telegramfield name="LabelLength" len="3" classname="int" />
            <telegramfield name="Label" len="20" classname="java.lang.String" />
        </telegramtype>

        <telegramtype name="VIQ" description="AC -> AM,AV - Visualization Information Request" classname="com.swisslog.wm6.lgconveyor.sis51.api.telegrams.Conv60VIQ">
            <telegramfield name="TelegramType" len="3" classname="java.lang.String" />
            <telegramfield name="ConveyorPosition" len="12" presentation="SIS" classname="java.lang.String" />
			<telegramfield name="NumberOfKeys" len="2" presentation="" classname="java.lang.String" />
			<telegramarray name="Variables" arraysize="NumberOfKeys"
                classname="com.swisslog.wm6.lgconveyor.sis51.api.telegrams.Conv60VIRArrayDataStructure">
                <telegramfield name="Key" len="30" presentation="Key" classname="java.lang.String" />
            </telegramarray>
        </telegramtype>
		
		<telegramtype name="VIR" description="AC -> AM,AV - Visualization Information Report" classname="com.swisslog.wm6.lgconveyor.sis51.api.telegrams.Conv60VIR">
            <telegramfield name="TelegramType" len="3" classname="java.lang.String" />
            <telegramfield name="ConveyorPosition" len="12" presentation="SIS" classname="java.lang.String" />
			<telegramfield name="NoOfVariables" len="2" classname="int" />
            <telegramarray name="Variables" arraysize="NoOfVariables"
                classname="com.swisslog.wm6.lgconveyor.sis51.api.telegrams.Conv60VIRArrayDataStructure">
                <telegramfield name="Key" len="30" presentation="Name" classname="java.lang.String" />
				<telegramfield name="Value" len="18" presentation="Value" classname="java.lang.String" />
            </telegramarray>
        </telegramtype>
        <!-- ##### Scanner telegrams: SNR, SIQ, SIR ##### -->

        <telegramtype name="SNR" description="AC -> AM,AV - Scanner No-read Report" classname="com.swisslog.wm6.lgconveyor.sis51.api.telegrams.Conv60SNR">
            <telegramfield name="TelegramType" len="3" classname="java.lang.String" />
            <telegramfield name="Position" len="12" presentation="SIS" classname="java.lang.String" />
            <telegramfield name="TuId" len="18" classname="long" />
            <telegramfield name="InfoCode" len="4" classname="java.lang.String" />
        </telegramtype>

        <telegramtype name="SIQ" description="AM,AV -> AC - Scanner Information Request" classname="com.swisslog.wm6.lgconveyor.sis51.api.telegrams.Conv60SIQ">
            <telegramfield name="TelegramType" len="3" classname="java.lang.String" />
            <telegramfield name="Position" len="12" classname="java.lang.String" />
            <telegramfield name="Code" len="1" presentation="0=Request;1=RequestCounters;2=RequestAndRest"
                classname="int" />
        </telegramtype>
		
		
        <telegramtype name="SIR" description="AC -> AM,AV - Scanner Information Report" classname="com.swisslog.wm6.lgconveyor.sis51.api.telegrams.Conv60SIR">
            <telegramfield name="TelegramType" len="3" classname="java.lang.String" />
            <telegramfield name="Position" len="12" classname="java.lang.String" />
            <telegramfield name="Code" len="1" presentation="0=Request;1=RequestCounters;2=RequestAndRest"
                classname="int" />
            <telegramfield name="TuId" len="18" classname="long" />
            <telegramfield name="Counter1" len="6" classname="int" />
            <telegramfield name="Counter2" len="6" classname="int" />
            <telegramfield name="Counter3" len="6" classname="int" />
            <telegramfield name="Counter4" len="6" classname="int" />
            <telegramfield name="Counter5" len="6" classname="int" />
            <telegramfield name="ReturnCode" len="4" classname="java.lang.String" />
        </telegramtype>

 


        <!-- ##### Auxiliary Information telegrams: SDI, DIQ, SDO, IRQ, ISR, MSG, GVQ, GVR, OIQ, OIR ##### -->

        <telegramtype name="SDI" description="AC -> AV - Send Digital Input" classname="com.swisslog.wm6.lgconveyor.sis51.api.telegrams.Conv60SDI">
            <telegramfield name="TelegramType" len="3" classname="java.lang.String" />
            <telegramfield name="SignalNumber" len="4" classname="int" />
            <telegramfield name="SignalState" len="1" classname="boolean" />
            <telegramfield name="ReturnCode" len="4" classname="java.lang.String" />
        </telegramtype>

        <telegramtype name="DIQ" description="AV -> AC - Digital Input Request" classname="com.swisslog.wm6.lgconveyor.sis51.api.telegrams.Conv60DIQ">
        </telegramtype>

        <telegramtype name="SDO" description="AM,AV -> AC - Set Digital Output" classname="com.swisslog.wm6.lgconveyor.sis51.api.telegrams.Conv60SDO">
            <telegramfield name="TelegramType" len="3" classname="java.lang.String" />
            <telegramfield name="SignalNumber" len="4" classname="int" />
            <telegramfield name="SignalState" len="1" classname="boolean" />
        </telegramtype>

        <telegramtype name="IRQ" description="AV -> AC - I/O Status Request" classname="com.swisslog.wm6.lgconveyor.sis51.api.telegrams.Conv60IRQ">
            <telegramfield name="TelegramType" len="3" classname="java.lang.String" />
            <telegramfield name="SignalType" len="1" presentation="0=inputs;1=outputs;2=positions"
                classname="int" />
            <telegramfield name="StartingSignalNumber" len="4" classname="int" />
            <telegramfield name="DataLength" len="2" classname="int" />
        </telegramtype>
        <telegramtype name="ISR" description="AC -> AV - I/O Status Report" classname="com.swisslog.wm6.lgconveyor.sis51.api.telegrams.Conv60ISR">
            <telegramfield name="TelegramType" len="3" classname="java.lang.String" />
            <telegramfield name="SignalType" len="1" presentation="0=inputs;1=outputs;2=positions"
                classname="int" />
            <telegramfield name="StartingSignalNumber" len="4" classname="int" />
            <telegramfield name="DataLength" len="2" classname="int" />
            <telegramfield name="Information" len="99" classname="String" />
			<telegramfield name="ReturnCode" len="4" classname="java.lang.String" />
        </telegramtype>
        <telegramtype name="MSG" description="ANY -> ANY - Auxiliary Message" classname="com.swisslog.wm6.lgconveyor.sis51.api.telegrams.Conv60MSG">
            <telegramfield name="TelegramType" len="3" classname="java.lang.String" />
            <telegramfield name="Subtype" len="3" classname="int" />
            <telegramfield name="Information" len="0" classname="java.lang.String" />
        </telegramtype>

        <telegramtype name="GVQ" description="AV -> AC - Global Variable Request" classname="com.swisslog.wm6.lgconveyor.sis51.api.telegrams.Conv60GVQ">
            <telegramfield name="TelegramType" len="3" classname="java.lang.String" />
            <telegramfield name="Code" len="1" presentation="0=ReportState;1=PerformAction;2=PerformActionAndReport"
                classname="int" />
            <telegramfield name="Number" len="4" classname="int" />
            <telegramfield name="Quantity" len="2" classname="int" />
            <telegramarray name="VariableArray" arraysize="10" classname="java.lang.Integer">
                <telegramfield name="Variable" len="6" presentation="Variable" classname="java.lang.Integer" />
            </telegramarray>
        </telegramtype>
        <telegramtype name="GVR" description="AC -> AV - Global Variable Report" classname="com.swisslog.wm6.lgconveyor.sis51.api.telegrams.Conv60GVR">
            <telegramfield name="TelegramType" len="3" classname="java.lang.String" />
            <telegramfield name="Number" len="4" classname="int" />
            <telegramfield name="Quantity" len="2" classname="int" />
            <telegramarray name="VariableArray" arraysize="10" classname="java.lang.Integer">
                <telegramfield name="Variable" len="6" presentation="SIS" classname="java.lang.Integer" />
            </telegramarray>
            <telegramfield name="ReturnCode" len="4" classname="java.lang.String" />
        </telegramtype>

		
		

		
		<telegramtype name="DAQ" description="AC -> AM,AV - Data acquisition request" classname="com.swisslog.wm6.lgconveyor.sis51.api.telegrams.Conv60CMR">
            <telegramfield name="TelegramType" len="3" classname="java.lang.String" />
            <telegramfield name="Position" len="12" presentation="SIS" classname="java.lang.String" />
			<telegramfield name="NoOfSets" len="2" classname="int" />
			<telegramfield name="Code" len="2" presentation="0:Request;1:OffAll" classname="int" />
            <telegramarray name="Sets" arraysize="NoOfSets"
                classname="com.swisslog.wm6.lgconveyor.sis51.api.telegrams.Conv60CMQArrayDataStructure">
                <telegramfield name="Variable" len="20" presentation="" classname="java.lang.String" />
				<telegramfield name="MaxReportTime" len="8" presentation="" classname="java.lang.String" />
				<telegramfield name="SampleTime" len="12" presentation="" classname="java.lang.String" />
				<telegramfield name="Threshold" len="8" presentation="" classname="java.lang.String" />
				<telegramfield name="Option" len="1" presentation="0:SelfReset; 1:Reset forbidden" classname="int" />
				<telegramfield name="Enable" len="1" presentation="0:off;1:On" classname="int" />
            </telegramarray>
        </telegramtype>
		
		<telegramtype name="DAR" description="AC -> AM,AV - Data acquisition Report" classname="com.swisslog.wm6.lgconveyor.sis51.api.telegrams.Conv60CMR">
            <telegramfield name="TelegramType" len="3" classname="java.lang.String" />
            <telegramfield name="Position" len="12" presentation="SIS" classname="java.lang.String" />
			<telegramfield name="NoOfSets" len="2" classname="int" />
			<telegramfield name="Code" len="2" presentation="0:Request;1:OffAll" classname="int" />
            <telegramarray name="Sets" arraysize="NoOfSets"
                classname="com.swisslog.wm6.lgconveyor.sis51.api.telegrams.Conv60CMQArrayDataStructure">
                <telegramfield name="Variable" len="20" presentation="" classname="java.lang.String" />
				<telegramfield name="MaxReportTime" len="8" presentation="" classname="java.lang.String" />
				<telegramfield name="SampleTime" len="12" presentation="" classname="java.lang.String" />
				<telegramfield name="Threshold" len="8" presentation="" classname="java.lang.String" />
				<telegramfield name="Option" len="1" presentation="0:SelfReset; 1:Reset forbidden" classname="int" />
				<telegramfield name="Enable" len="1" presentation="0:off;1:On" classname="int" />
				<telegramfield name="ErrorCode" len="4" classname="java.lang.String" />
            </telegramarray>
        </telegramtype>
		
		
		<telegramtype name="GDQ" description="AC -> AM,AV - Gathered Data Request" classname="com.swisslog.wm6.lgconveyor.sis51.api.telegrams.Conv60CDQ">
            <telegramfield name="TelegramType" len="3" classname="java.lang.String" />
            <telegramfield name="Position" len="12" presentation="SIS" classname="java.lang.String" />
			<telegramfield name="Variable" len="20" presentation="Name" classname="java.lang.String" />
        </telegramtype>
		
		<telegramtype name="GDR" description="AC -> AM,AV - Gathered Data Report" classname="com.swisslog.wm6.lgconveyor.sis51.api.telegrams.Conv60CDR">
            <telegramfield name="TelegramType" len="3" classname="java.lang.String" />
            <telegramfield name="Position" len="12" presentation="SIS" classname="java.lang.String" />
			<telegramfield name="Variable" len="20" presentation="Name" classname="java.lang.String" />
			<telegramfield name="NoOfSets" len="2" classname="int" />
            <telegramarray name="Sets" arraysize="NoOfSets"
                classname="com.swisslog.wm6.lgconveyor.sis51.api.telegrams.Conv60CDRArrayDataStructure">
                <telegramfield name="Value" len="20" presentation="Name" classname="java.lang.String" />
				<telegramfield name="TimeStamp" len="23" presentation="Name" classname="java.lang.String" />
				<telegramfield name="Sequence" len="4" presentation="Name" classname="int" />
            </telegramarray>
			<telegramfield name="ReturnCode" len="4" classname="java.lang.String" />
        </telegramtype>
		
        <!-- ##### Emulation telegrams: ATQ, ATR, RTQ, RMR, ERR ##### -->

        <telegramtype name="ATQ" description="AV -> AC - Add TU Request" classname="com.swisslog.wm6.lgconveyor.sis51.api.telegrams.Conv60ATQ">
            <telegramfield name="TelegramType" start="0" len="3" classname="java.lang.String" />
            <telegramfield name="ConveyorPosition" start="3" len="12" classname="java.lang.String" />
            <telegramfield name="Weight" start="95" len="8" classname="int" />
            <telegramfield name="Length" start="100" len="4" classname="int" />
            <telegramfield name="Width" start="105" len="4" classname="int" />
            <telegramfield name="Height" start="110" len="4" classname="int" />
			<telegramfield name="LongSideLeading" start="115" len="1" classname="int" />
			<telegramfield name="LabelPresent" start="117" len="1" classname="int" />
			<telegramfield name="Label" start="119" len="80" classname="java.lang.String" />
        </telegramtype>
        <telegramtype name="ATR" description="AC -> AV - Add TU Report" classname="com.swisslog.wm6.lgconveyor.sis51.api.telegrams.Conv60ATR">
            <telegramfield name="TelegramType" start="0" len="3" classname="java.lang.String" />
            <telegramfield name="Position" start="3" len="12" presentation="SIS" classname="int" />
			<telegramfield name="ReturnCode" len="4" classname="java.lang.String" />
        </telegramtype>

        <telegramtype name="RTQ" description="AV -> AC - Remove TU Request" classname="com.swisslog.wm6.lgconveyor.sis51.api.telegrams.Conv60RTQ">
            <telegramfield name="TelegramType" start="0" len="3" classname="java.lang.String" />
            <telegramfield name="Position" start="3" len="12" classname="int" />
        </telegramtype>


        <telegramtype name="RTR" description="AC -> AV - Remove TU Report" classname="com.swisslog.wm6.lgconveyor.sis51.api.telegrams.Conv60RTR">
            <telegramfield name="TelegramType" start="0" len="3" classname="java.lang.String" />
            <telegramfield name="Position" start="3" len="12" presentation="SIS" classname="int" />
			<telegramfield name="ReturnCode" len="4" classname="java.lang.String" />
        </telegramtype>

        <telegramtype name="ERQ" description="AC -> AV - Set/Reset Error" classname="com.swisslog.wm6.lgconveyor.sis51.api.telegrams.Conv60ERQ">
            <telegramfield name="TelegramType" start="0" len="3" classname="java.lang.String" />
            <telegramfield name="Position" start="3" len="12" presentation="SIS" classname="java.lang.String" />
            <telegramfield name="Code" start="15" len="1" classname="boolean" />
            <telegramfield name="ErrorCode" start="16" len="4" classname="int" />
        </telegramtype>
		
		<telegramtype name="ERR" description="AC -> AV - Set/Reset Error" classname="com.swisslog.wm6.lgconveyor.sis51.api.telegrams.Conv60ERR">
            <telegramfield name="TelegramType" start="0" len="3" classname="java.lang.String" />
            <telegramfield name="Position" start="3" len="12" presentation="SIS" classname="java.lang.String" />
            <telegramfield name="Code" start="15" len="1" classname="boolean" />
            <telegramfield name="ReturnCode" start="16" len="4" classname="int" />
        </telegramtype>

    </telegramset>
</WM6>